username,date,retweets,favorites,text,geo,mentions,hashtags,id,permalink
ProfSRK,2016-11-10 22:20,1,3,"@narendramodi ji's #MasterStroke #CashBan wil Boost India Digital Push https://www. bloomberg.com/news/articles/ 2016-11-09/modi-s-masterstroke-cash-ban-seen-boosting-india-digital-push … @rsprasad @TVMohandasPai @AnantkumarH @upma23 pic.twitter.com/XOuenMLv7V",,@narendramodi @rsprasad @TVMohandasPai @AnantkumarH @upma23,#MasterStroke #CashBan,"796757054551506944",https://twitter.com/ProfSRK/status/796757054551506944
ProfSRK,2016-11-10 22:16,2,3,"PM @narendramodi 's Masterstroke,Says @Infosys_nmurthy on #CashBan http://www. ndtv.com/india-news/pm- modis-masterstroke-says-narayana-murthy-on-cash-ban-1623350 … @KiranKS @kvQuote @mpparimal @hindu_g @vinay1011 pic.twitter.com/RUFlea7RNv",,@narendramodi @Infosys_nmurthy @KiranKS @kvQuote @mpparimal @hindu_g @vinay1011,#CashBan,"796755958131081216",https://twitter.com/ProfSRK/status/796755958131081216
dailyonion,2016-11-10 19:41,0,0,".. Many public sector banks had not opened even at 10 am. Bank counters not even manned. 2 hours lunch break. 1 hour tea break. #cashban",,,#cashban,"796716846544285696",https://twitter.com/dailyonion/status/796716846544285696
dailyonion,2016-11-10 19:28,0,1,"#CASHBAN Affects: 2/2 - Ppl w/ no access to money - Marriages - Elderly citizens - Tribals in remote interior areas - Marginalized groups",,,#CASHBAN,"796713757179265024",https://twitter.com/dailyonion/status/796713757179265024
dailyonion,2016-11-10 19:26,1,2,"#CASHBAN Affects: 1/2 - Indv using cash on a daily basis - Indv w/out bank A/cs - Small biz - Daily wage workers - Women's savings",,,#CASHBAN,"796713036144934913",https://twitter.com/dailyonion/status/796713036144934913
frytunez,2016-11-10 11:23,0,0,"@Paytm bhai, ek tum hi ho. Please note. #cashban #Rs500 #Rs1000 #gocashless #BlackMoney pic.twitter.com/x79lUBCYmw",,@Paytm,#cashban #Rs500 #Rs1000 #gocashless #BlackMoney,"796591693277659136",https://twitter.com/frytunez/status/796591693277659136