username,date,retweets,favorites,text,geo,mentions,hashtags,id,permalink
indian985,2016-11-11 04:42,0,0,"Please watch @ArvindKejriwal 's video below. He has some VALID points about the currency #500 and #1000 rupee #Demonitization in #india .",,@ArvindKejriwal,#500 #1000 #Demonitization #india,"796853083770785792",https://twitter.com/indian985/status/796853083770785792
abhishek2305m,2016-11-11 04:30,0,0,"@narendramodi Thank u sir. Every patriot n honest citizen is delighted on #Demonitization in spite of sme minor difficulties. Great decision",,@narendramodi,#Demonitization,"796850085627719680",https://twitter.com/abhishek2305m/status/796850085627719680
SYEDSUHAIB,2016-11-11 02:00,0,0,"#demonitization #corruption #weeding -out #blackmoney and whole #india falls for it! it is just a #marketing #gimmick",,,#demonitization #corruption #weeding #blackmoney #india #marketing #gimmick,"796812415266529280",https://twitter.com/SYEDSUHAIB/status/796812415266529280
SYEDSUHAIB,2016-11-11 01:37,0,0,"#Decisive #politics being played, in the name of #demonitization #crippling the #opposition parties and taking all the #moola .",,,#Decisive #politics #demonitization #crippling #opposition #moola,"796806475729408000",https://twitter.com/SYEDSUHAIB/status/796806475729408000
SYEDSUHAIB,2016-11-11 01:34,0,1,"#Demonitization of #money will not #weed out #blackmoney altogether, for the money saved in foreign banks should be scrutinised &bought back",,,#Demonitization #money #weed #blackmoney,"796805705915215872",https://twitter.com/SYEDSUHAIB/status/796805705915215872
Georitg,2016-11-11 01:20,1,0,"@ArvindKejriwal #Important #message on #Demonitization and #Corruption #Modi #Bjp #Indian #Rupee #scam https:// youtu.be/YeihhNq8T2o via @YouTube",,@ArvindKejriwal @YouTube,#Important #message #Demonitization #Corruption #Modi #Bjp #Indian #Rupee #scam,"796802146255548416",https://twitter.com/Georitg/status/796802146255548416
bexsaldanha,2016-11-11 00:45,2,3,"What happened to Troll Babus? Currency ban backlash: Modi loses 3 lakh twitter followers in 1 day https:// goo.gl/f2Ji85 #demonitization",,,#demonitization,"796793403841204224",https://twitter.com/bexsaldanha/status/796793403841204224
talking_indian,2016-11-10 23:43,0,0,"@_YogendraYadav The report says of the incoming of new 2000 rs notes, not about #Demonitization of 500/1000 right?",,@_YogendraYadav,#Demonitization,"796777816683491328",https://twitter.com/talking_indian/status/796777816683491328
chaitanya1309,2016-11-10 22:40,7,11,"#Demonitization Black money can never be destroyed. It can only be transformed from one form to another.",,,#Demonitization,"796762014320246784",https://twitter.com/chaitanya1309/status/796762014320246784
shivanginipatha,2016-11-10 22:39,0,1,"Scams hit the poor, riots like muzaffarnagar hit poor's #demonitization hits those who have wads of money through arms deal, scams",,,#demonitization,"796761697532801025",https://twitter.com/shivanginipatha/status/796761697532801025
RMSRIV,2016-11-10 21:51,7,10,"So the #demonitization programme was leaked to Gujrat newspaper well in advance in April 2016?- http://www. hindi.indiasamvad.co.in/specialstories /note-replace--plan--leaked-17792 …",,,#demonitization,"796749697268543488",https://twitter.com/RMSRIV/status/796749697268543488
ca_henia,2016-11-10 21:44,0,0,"I think Govt and @narendramodi should hv consulted @ShekharGupta before #Demonitization #SurgicalStrikeonBlackMoney https:// twitter.com/ShekharGupta/s tatus/796730612069433344 …",,@narendramodi @ShekharGupta,#Demonitization #SurgicalStrikeonBlackMoney,"796747966639796224",https://twitter.com/ca_henia/status/796747966639796224
rajlalwani,2016-11-10 21:39,0,2,"India goes #Demonitization .Barring politicians,billion people adjusts to this hustle without any incident. India with #ModiFightsCorruption",,,#Demonitization #ModiFightsCorruption,"796746615922913280",https://twitter.com/rajlalwani/status/796746615922913280
Fxdz,2016-11-10 21:36,0,0,"all those complaining about #demonitization have something to worry about. It's like rat poisoning, all rats are out",,,#demonitization,"796745897916841984",https://twitter.com/Fxdz/status/796745897916841984
AshDubey_,2016-11-10 21:15,2,5,"Govt has connected your Tax Filing Database with Banks during this period of #Demonitization To watch ! @CNBC Hindi journo on TV! :-)",,@CNBC,#Demonitization,"796740490347454464",https://twitter.com/AshDubey_/status/796740490347454464
AshDubey_,2016-11-10 21:11,15,18,"OK Now Raids in Mumbai, Thane, Nagpur too over #Demonitization agnst Jewellers! :-)",,,#Demonitization,"796739635397292032",https://twitter.com/AshDubey_/status/796739635397292032
AakashKarnawat,2016-11-10 21:09,0,0,"@ravishndtv Sir! Hats off for the topic you raised tonight. I was waiting for someone to raise this topic. #NoteBan #Demonitization",,@ravishndtv,#NoteBan #Demonitization,"796739002745225216",https://twitter.com/AakashKarnawat/status/796739002745225216
Newsforcemedia,2016-11-10 21:02,0,0,"1000 रुपए के नोट फिर जारी करेगी सरकार #demonitization https:// youtu.be/FnrxrNGRBPw via @YouTube",,@YouTube,#demonitization,"796737273182228480",https://twitter.com/Newsforcemedia/status/796737273182228480
vprakash68,2016-11-10 20:53,0,0,"@RShivshankar All of them are shaken to the core. Thus the grunting over #demonitization !",,@RShivshankar,#demonitization,"796735142458892290",https://twitter.com/vprakash68/status/796735142458892290
the_papa_puppet,2016-11-10 20:02,0,1,"Change kuch aisa hoga socha na tha !!!! #2000 #demonitization pic.twitter.com/1pgorRSNMf",,,#2000 #demonitization,"796722231921541120",https://twitter.com/the_papa_puppet/status/796722231921541120
abhimishra37,2016-11-10 19:33,0,0,"@dilipkpandey though we all r hit by #Demonitization bt we stand by our govt unlike u!! B humble in watever u r! Learn 4rm @narendramodi",,@dilipkpandey @narendramodi,#Demonitization,"796714997627912196",https://twitter.com/abhimishra37/status/796714997627912196
MarxismInIndia,2016-11-10 19:29,4,5,"#MorarjiDesai #JantaParty did #Demonitization in 1978 #ModiGovt isn't d 1st 2do so but it didn't help out @DasBolshevik @SitaramYechury pic.twitter.com/OHGqwtzW9c",,@DasBolshevik @SitaramYechury,#MorarjiDesai #JantaParty #Demonitization #ModiGovt,"796713908753104896",https://twitter.com/MarxismInIndia/status/796713908753104896
aseems,2016-11-10 19:26,0,0,"#demonitization We did say we wanted less corruption http:// bit.ly/2eVVU8o",,,#demonitization,"796713183671156736",https://twitter.com/aseems/status/796713183671156736
Asifyarrkhan,2016-11-10 19:22,0,0,"#Demonitization #Crimereporters What to expect next year? Cases of fake income tax officials, breach of trust, extortion and cheating.",,,#Demonitization #Crimereporters,"796712131039215616",https://twitter.com/Asifyarrkhan/status/796712131039215616
SREEHARI2001,2016-11-10 19:11,1,1,"Loose ends of #Demonitization (SWAP) deal are Banks (Staves)First ..followed by All Govt Institution that allowed to take Old Currency.",,,#Demonitization,"796709450778189825",https://twitter.com/SREEHARI2001/status/796709450778189825
Aagan86,2016-11-10 18:39,1,1,"Small trader's reaction to Modi'S #Demonitization decision https://www. youtube.com/watch?v=6h5uok Kr4xg …",,,#Demonitization,"796701375031865344",https://twitter.com/Aagan86/status/796701375031865344
joshikhushboo7,2016-11-10 18:00,0,3,"Country's detoxification on! #DeMonitization",,,#DeMonitization,"796691375202832388",https://twitter.com/joshikhushboo7/status/796691375202832388
ShrimantSakal,2016-11-10 17:56,6,2,"Banks call in police as people rush to ditch old banknotes #DeMonitization @eSakalUpdate http:// reut.rs/2eN9jlq via @ReutersIndia",,@eSakalUpdate @ReutersIndia,#DeMonitization,"796690611642449920",https://twitter.com/ShrimantSakal/status/796690611642449920
rohitorange,2016-11-10 17:32,0,0,"A sip of financial doom #currency #India #demonitization #tea https:// tmblr.co/Z162Ut2EV1EUk",,,#currency #India #demonitization #tea,"796684369293361152",https://twitter.com/rohitorange/status/796684369293361152
atulmodani,2016-11-10 17:27,1,0,"#Demonitization of Notes: Few Legal , Accounting & Income Tax Aspects . Care to Be Taken - My Article @taxguru_in http:// taxguru.in/income-tax/dem onitization-old-notes-legal-income-tax-aspects-take-care.html …",,@taxguru_in,#Demonitization,"796683178798960641",https://twitter.com/atulmodani/status/796683178798960641
FarnazFever,2016-11-10 16:33,0,1,"Jaane nahi denge tujhe!! #Bankers #IndiaFightsCorruption #Demonitization pic.twitter.com/FjX5ObguWI",,,#Bankers #IndiaFightsCorruption #Demonitization,"796669558690119681",https://twitter.com/FarnazFever/status/796669558690119681
aravindkrrish1,2016-11-10 15:26,0,2,"A bag of 500/1000s found on the road. Wish I had the bag, at least I could fantasize myself to be rich #Demonitization pic.twitter.com/BEj6cV6ZrQ",,,#Demonitization,"796652858355679233",https://twitter.com/aravindkrrish1/status/796652858355679233
i_am_SMNTH,2016-11-10 14:56,0,0,"Does #demonitization send A OILED BAMBOO to Cong,tmcp?....just c their faces",,,#demonitization,"796645165289078784",https://twitter.com/i_am_SMNTH/status/796645165289078784
i_am_SMNTH,2016-11-10 14:52,0,0,"Does #demonitization send A OILED BAMBOO to congress..Manish Tiwari: timesNOW behaving lyk bjp",,,#demonitization,"796644136203993088",https://twitter.com/i_am_SMNTH/status/796644136203993088
SoulInExile,2016-11-10 14:19,0,0,"Mocking #Demonitization with 'what abt #BlackMoney in Gold/Property" is as classic as "jao pehle us aadmi ka sign lekar aao jisne mere"...!",,,#Demonitization #BlackMoney,"796635840076251136",https://twitter.com/SoulInExile/status/796635840076251136
therahuladv,2016-11-10 14:11,0,0,"@RBI @PMOIndia @arunjaitley No money at bank for withdrawal.. complete chaos..took 4 hrs just to exhange and deposit #DeMonitization pic.twitter.com/Xlyy4fH2w9",,@RBI @PMOIndia @arunjaitley,#DeMonitization,"796633927905673216",https://twitter.com/therahuladv/status/796633927905673216
TheInacioFerns,2016-11-10 13:44,0,0,"If #Demonitization was done coz of #counterfeitNotes n #BlackMoney in higher denomination, why 2k is introduced? Defeats the purpose, right?",,,#Demonitization #counterfeitNotes #BlackMoney,"796627164003123200",https://twitter.com/TheInacioFerns/status/796627164003123200
mostwantedind1,2016-11-10 13:19,0,0,"@kapsology @Rohinisgh_ET your tweets seem to suggest there is no positive impact due to this #Demonitization . Pls don't be dishonest",,@kapsology @Rohinisgh_ET,#Demonitization,"796620879983579136",https://twitter.com/mostwantedind1/status/796620879983579136
ArcDec,2016-11-10 13:03,2,2,"Flower vendor suffers from #Demonitization decision. Execution without planning affecting common people. #SHAME >> https://www. youtube.com/watch?v=0QbjV- dnBkc …",,,#Demonitization #SHAME,"796616654461476864",https://twitter.com/ArcDec/status/796616654461476864
ishareef639,2016-11-10 12:40,0,3,"Is this news correct? Huge transactions were reported in BJP ruled states in last month. #Demonitization",,,#Demonitization,"796611031762161664",https://twitter.com/ishareef639/status/796611031762161664
vishwagujarat,2016-11-10 12:38,0,0,"This Is What #raghuramrajan Has To Say on #currencynotes #Demonitization #BlackMoney Read More: https:// goo.gl/JdgZPQ pic.twitter.com/f137xxY9Cw",,,#raghuramrajan #currencynotes #Demonitization #BlackMoney,"796610343120334848",https://twitter.com/vishwagujarat/status/796610343120334848
nikhilesh01,2016-11-10 12:32,0,0,"Tragedy of an act of hurry #Demonitization . RIP https:// twitter.com/iamKavithaRao/ status/796600108393594880 …",,,#Demonitization,"796608960686149632",https://twitter.com/nikhilesh01/status/796608960686149632
spbsm,2016-11-10 12:01,0,0,"Who's most foolish & blind follower? #DeMonetisation #Demonitization #justasking #BlackMoney #BlackDay #Sanghis #500rs1000rs #Trump #OROP",,,#DeMonetisation #Demonitization #justasking #BlackMoney #BlackDay #Sanghis #500rs1000rs #Trump #OROP,"796601143866642432",https://twitter.com/spbsm/status/796601143866642432
AnkitLal,2016-11-10 11:16,63,53,"Sorry bt I refuse to go with the 'so called' public sentiment of bng happy about #Demonitization . It's only an upper middle class sentiment.",,,#Demonitization,"796589908727042048",https://twitter.com/AnkitLal/status/796589908727042048
DidIAskYou___,2016-11-10 10:23,1,0,"@narendramodi we have a wedding in the family in a week & everything has come to a stand still. Such a plight for us with #Demonitization",,@narendramodi,#Demonitization,"796576395358937088",https://twitter.com/DidIAskYou___/status/796576395358937088
akhilesh1,2016-11-10 09:12,0,0,"All those who do not in need of money urgently should escape going bank for some days to smoothen the bank process #Demonitization",,,#Demonitization,"796558655462121472",https://twitter.com/akhilesh1/status/796558655462121472
vinayksingh5,2016-11-10 08:39,0,0,"@EconomicTimes @nitin_gadkari itshld be normal practice, as taught in course books #BigDeal #NoBigDeal #Demonitization #Commerce #Economics",,@EconomicTimes @nitin_gadkari,#BigDeal #NoBigDeal #Demonitization #Commerce #Economics,"796550239968706560",https://twitter.com/vinayksingh5/status/796550239968706560
akbar4victory,2016-11-10 06:05,0,0,"It is the duty of every citizen of #India to help the poor to exchange their old currency notes. #Demonitization ... http:// fb.me/5IXUb5i3C",,,#India #Demonitization,"796511455684104192",https://twitter.com/akbar4victory/status/796511455684104192
sumitakale,2016-11-10 05:38,0,2,"Payments companies plan major digital payments push in rural hinterland #Demonitization http:// ecoti.in/ym61qb via @economictimes",,@economictimes,#Demonitization,"796504811428573185",https://twitter.com/sumitakale/status/796504811428573185