username,date,retweets,favorites,text,geo,mentions,hashtags,id,permalink
Aethonaia,2016-11-16 03:26,1,0,""There's #Chaos Everywhere" - #Indians Angry As #ATMs Run Dry After #CashBan http://www. zerohedge.com/news/2016-11-1 2/theres-chaos-everywhere-indians-angry-atms-run-dry-after-cash-ban … #NWO #banksters want #India #cashfree",,,#Chaos #Indians #ATMs #CashBan #NWO #banksters #India #cashfree,"798645929393946624",https://twitter.com/Aethonaia/status/798645929393946624
dailyonion,2016-11-16 02:06,0,0,"When tickets of his movie ‘Kabali’ were being sold at an exorbitant 20x price against norm & PIL filed, where was @superstarrajini ? #cashban pic.twitter.com/0NtIlzRAui",,@superstarrajini,#cashban,"798625654103117824",https://twitter.com/dailyonion/status/798625654103117824
nehasanghvi,2016-11-16 01:55,0,0,"@OfficeOfRG yes true the government should make this smoother. #cashban #currencynotes",,@OfficeOfRG,#cashban #currencynotes,"798622952790986754",https://twitter.com/nehasanghvi/status/798622952790986754
SoberForNoww,2016-11-15 21:57,0,0,"Be the change you want to see - 100 rs note #CashBan",,,#CashBan,"798563035270955008",https://twitter.com/SoberForNoww/status/798563035270955008
vishwad33p,2016-11-15 21:42,0,0,"Sm frauds tryng to fool poors by using color copies of ₹2000 notes. Wht to do if I encounter one? #RBI #blackmoney #cashchaos #cashban",,,#RBI #blackmoney #cashchaos #cashban,"798559208266338305",https://twitter.com/vishwad33p/status/798559208266338305
TuraRam1,2016-11-15 21:27,0,0,"विचार करें:-कांग्रेस सरकारें इतनी बड़ी मात्र में बैंक न खोलती तो इस #CashBan आदेश से जनता का और क्या हाल बेहाल हो जाता।? (जय हो )",,,#CashBan,"798555614624542720",https://twitter.com/TuraRam1/status/798555614624542720
JatinAgg1106,2016-11-15 21:19,4,4,"@narendramodi To collect old notes & to disburse new currency,Govt can use large community centers and even indoor sport stadiums. #cashban",,@narendramodi,#cashban,"798553476531822592",https://twitter.com/JatinAgg1106/status/798553476531822592
gour_naresh,2016-11-15 20:00,0,0,"#CashRush #cashchaos #cashban It's matter of applying learnings to your skill at right time pic.twitter.com/XsjmboPnEv",,,#CashRush #cashchaos #cashban,"798533528635850752",https://twitter.com/gour_naresh/status/798533528635850752
journoshubh,2016-11-15 19:54,1,1,"भक्ति भी चरम पर और आलोचना भी। #DeMonetisation #CashlessEconomy #CashRush #cashchaos #CashCleanUp #cashban",,,#DeMonetisation #CashlessEconomy #CashRush #cashchaos #CashCleanUp #cashban,"798532226023493632",https://twitter.com/journoshubh/status/798532226023493632
SoberForNoww,2016-11-15 19:27,0,0,"My autorickshaw very happy due to #CashBan . Traffic police charging रिश्वत out of business now...",,,#CashBan,"798525223687442432",https://twitter.com/SoberForNoww/status/798525223687442432
Samar_Anarya,2016-11-15 19:04,26,25,"Shiv Sena to join Mamta Banerjee's anti #CashBan march tomorrow, BJP to keep running Maharashtra govt with them! #ModiTakesBribes",,,#CashBan #ModiTakesBribes,"798519550090178560",https://twitter.com/Samar_Anarya/status/798519550090178560
Karnikakahen,2016-11-15 18:38,47,31,"Master stroke, really? #RushforCash #CashRush #cashban #demonetization pic.twitter.com/kYgJcdbmqT",,,#RushforCash #CashRush #cashban #demonetization,"798513039569920000",https://twitter.com/Karnikakahen/status/798513039569920000
vijaypal,2016-11-15 17:51,0,0,"#CashBan is a good move for indian economy but the way of execution isn't good Suggest effective method to RBI -None better than present one",,,#CashBan,"798501166296526848",https://twitter.com/vijaypal/status/798501166296526848
A_P_75,2016-11-15 17:11,25,18,"कुछ दिन बैंक में धक्के खा लीजिये आपके "सैनिको" को "पत्थर" नहीं खाने पड़ेगे। #cashban",,,#cashban,"798491143260504064",https://twitter.com/A_P_75/status/798491143260504064
shatanshu,2016-11-15 17:01,0,0,"@AamAadmiParty @ArvindKejriwal n by the movement I meantt ur victory n not #cashban . Wr has aam aadmi trumped career politician n dynasties",,@AamAadmiParty @ArvindKejriwal,#cashban,"798488547191726080",https://twitter.com/shatanshu/status/798488547191726080
Karnikakahen,2016-11-15 16:47,62,58,"सर जी , आप ऐसे आइडियाज कहाँ से लाते हो? #भाषण_नहीं_राशन_चाहिए #नोट_नहीं_PM_बदलो #CashRush #cashban #demonetization #rushforcash pic.twitter.com/1UrIUec6yR",,,#भ #न #CashRush #cashban #demonetization #rushforcash,"798485141421047808",https://twitter.com/Karnikakahen/status/798485141421047808
indomitablesoul,2016-11-15 15:51,1,0,"@indiatvnews @ArvindKejriwal UT pass a resolution to direct President of Union of India. So he is d King #CashBan n kejri n Didi go crazy!!",,@indiatvnews @ArvindKejriwal,#CashBan,"798471045581680640",https://twitter.com/indomitablesoul/status/798471045581680640
AmarUjalaNews,2016-11-15 15:48,11,36,"#cashban pic.twitter.com/bjMXWcgtC4",,,#cashban,"798470247372058624",https://twitter.com/AmarUjalaNews/status/798470247372058624
Karnikakahen,2016-11-15 15:00,5,1,"Now threats for opposing #demonetization #भाषण_नहीं_राशन_चाहिए #नोट_नहीं_PM_बदलो #जनता_त्रस्त_भ्रष्टाचारी_मस्त #CashRush #cashban pic.twitter.com/AVgpOByWiq",,,#demonetization #भ #न #जनत #CashRush #cashban,"798458023920300032",https://twitter.com/Karnikakahen/status/798458023920300032
Karnikakahen,2016-11-15 13:30,26,23,"A manufactured Chaos? #भाषण_नहीं_राशन_चाहिए #demonetization #नोट_नहीं_PM_बदलो #जनता_त्रस्त_भ्रष्टाचारी_मस्त #CashRush #cashban pic.twitter.com/aC40KfFlM1",,,#भ #demonetization #न #जनत #CashRush #cashban,"798435462293569536",https://twitter.com/Karnikakahen/status/798435462293569536
Karnikakahen,2016-11-15 13:12,24,18,"भाषण_नहीं_राशन_चाहिए #Demonetisation #नोट_नहीं_PM_बदलो #जनता_त्रस्त_भ्रष्टाचारी_मस्त #CashRush #CashBan #CashCruch #demonetization pic.twitter.com/qwsdfOrQ2f",,,#Demonetisation #न #जनत #CashRush #CashBan #CashCruch #demonetization,"798431072556056576",https://twitter.com/Karnikakahen/status/798431072556056576
duli_7,2016-11-15 12:45,0,0,"#cashban has revived & rejuvenated the humours side of the our otherwise monotonous Brain!",,,#cashban,"798424131423399936",https://twitter.com/duli_7/status/798424131423399936
AmarUjalaNews,2016-11-15 12:33,5,15,"बोले आर्थिक मामलों के सचिव, 'शादी में शगुन के लिए कैश की जगह चेक दें' #cashban #sashikantdas",,,#cashban #sashikantdas,"798421239362678785",https://twitter.com/AmarUjalaNews/status/798421239362678785
hdbarjatya,2016-11-15 12:28,0,0,"If you want to make your mom proud, make her as proud as Heera Baa is today. #Demonetisation #cashban",,,#Demonetisation #cashban,"798420002735013888",https://twitter.com/hdbarjatya/status/798420002735013888
AmarUjalaNews,2016-11-15 12:24,10,20,"बार बार नोट बदलने वालों पर होगी कार्रवाई, हाथों पर लगेगी स्याही #cashban",,,#cashban,"798418791042584576",https://twitter.com/AmarUjalaNews/status/798418791042584576
Ta_rush,2016-11-15 11:54,0,0,"#Demonetisation #Cashban could be one of the biggest misses by #Indian #media in 2016! by @TabonYo https:// yourstory.com/2016/11/media- big-miss-demonetisation/ … @YourStoryCo",,@TabonYo @YourStoryCo,#Demonetisation #Cashban #Indian #media,"798411317015117824",https://twitter.com/Ta_rush/status/798411317015117824
sebfarcis,2016-11-15 10:29,0,0,"#Inde : la #démonétisation paralyse l’économie http:// rfi.my/2eTmYnX via @RFI #cashban",,@RFI,#Inde #démonétisation #cashban,"798390062086033408",https://twitter.com/sebfarcis/status/798390062086033408
greatandhranews,2016-11-15 08:44,3,1,"#Superstar Buys 5 Crore Worth Gold After #Cashban ? http://www. greatandhra.com/movies/movie-g ossip/superstar-buys-5-crore-worth-gold-after-cashban-78137.html … pic.twitter.com/JeSCVQoYQO",,,#Superstar #Cashban,"798363598766501888",https://twitter.com/greatandhranews/status/798363598766501888
venkat_ga,2016-11-15 08:43,0,0,"Superstar Buys 5 Crore Worth Gold After #Cashban ? http:// fb.me/87UFbmtIk",,,#Cashban,"798363205773000704",https://twitter.com/venkat_ga/status/798363205773000704