username,date,retweets,favorites,text,geo,mentions,hashtags,id,permalink
concretecamping,2016-11-13 02:48,0,0,""There's Chaos Everywhere" - Indians Angry As ATMs Run Dry After Cash Ban | Zero Hedge http://www. zerohedge.com/news/2016-11-1 2/theres-chaos-everywhere-indians-angry-atms-run-dry-after-cash-ban … #india #cashban #atmsrundry",,,#india #cashban #atmsrundry,"797549193992646656",https://twitter.com/concretecamping/status/797549193992646656
kolkata24x7,2016-11-13 02:08,0,0,"Housewife 'Jumps To #Death ' After #ATM Visit http:// english.kolkata24x7.com/kolkata/housew ife-jumps-death-atm-visit … #Cashban pic.twitter.com/calvJkLHoa",,,#Death #ATM #Cashban,"797539205421420545",https://twitter.com/kolkata24x7/status/797539205421420545
indiablooms,2016-11-13 01:16,0,0,"Ministry of Finance reviews, takes stock of the cash availability http:// indiablooms.com/ibns_new/finan ce-details/5870/ministry-of-finance-reviews-takes-stock-of-the-cash-availability.html … @FinMinIndia #cashban , #Currency @arunjaitley",,@FinMinIndia @arunjaitley,#cashban #Currency,"797525886320799744",https://twitter.com/indiablooms/status/797525886320799744
ZedLens,2016-11-12 23:07,0,0,"Breaking news Abhi Abhi khabr he आज रात १२ बजे से PM बदल जाएगा . . . . १२ बजे के बाद AM चालु हो जाएगा #cashban",,,#cashban,"797493430041579520",https://twitter.com/ZedLens/status/797493430041579520
Kolkata_Blogger,2016-11-12 21:17,0,1,"Having stuck at the ATM lines in #Kolkata , do you support #CashBan ? Tweet to us using #KolkataSpeaks",,,#Kolkata #CashBan #KolkataSpeaks,"797465741092077572",https://twitter.com/Kolkata_Blogger/status/797465741092077572
ToshniwalAkshay,2016-11-12 20:52,0,0,"#CashCleanUp It might be hurting the common man in a few ways, but it has its long term benefits #CashBan by @narendramodi ji Appreciated!!",,@narendramodi,#CashCleanUp #CashBan,"797459451141914624",https://twitter.com/ToshniwalAkshay/status/797459451141914624
ankushnbt,2016-11-12 19:48,2,3,"#Lucknow #Cashban मल्टीप्लेक्स में भी सन्नाटा, छुट्टा नहीं है भाई। फिल्म देखने वालों की कतार गायब। @NBTLucknow @SudhirMisraNBT pic.twitter.com/tvBnqfxwtB",,@NBTLucknow @SudhirMisraNBT,#Lucknow #Cashban,"797443523284992001",https://twitter.com/ankushnbt/status/797443523284992001
AKASHJA59233892,2016-11-12 19:12,0,1,"@IndianExpress @SachinPilot आप आज @aajtak के कार्यक्रम "हल्ला बोल" में #CashBan के मुद्दे पर में रक्षात्मक ही दिखे अाक्रामक नही",,@IndianExpress @SachinPilot @aajtak,#CashBan,"797434426615627776",https://twitter.com/AKASHJA59233892/status/797434426615627776
AKASHJA59233892,2016-11-12 19:10,0,1,"@IndianExpress @SachinPilot सर #CashBan के मुद्दे से दूर रहीये इस मुद्दे पर जनता पुरा उत्तसाहीत है और आपकी कुछ नही सुनेगी",,@IndianExpress @SachinPilot,#CashBan,"797433812372307968",https://twitter.com/AKASHJA59233892/status/797433812372307968
dailyonion,2016-11-12 18:49,0,0,"Who are the beneficiaries from this artificial recession? Rs.1000 has become a commodity. Thanks #cashban , you founded a new black market.",,,#cashban,"797428627520376832",https://twitter.com/dailyonion/status/797428627520376832
kolkata24x7,2016-11-12 17:05,0,0,"Baby Dies After Mumbai Hospital Allegedly Refuses To Take Rs 500, 1,000 https:// goo.gl/DuMQbT #BabyDies #CashBan #MumbaiHospital pic.twitter.com/UNNUNwInjY",,,#BabyDies #CashBan #MumbaiHospital,"797402530150019072",https://twitter.com/kolkata24x7/status/797402530150019072
NasrinzStory,2016-11-12 16:52,0,0,". @HDFCBank_Cares pls send out a list of #ATMs that are working in Mumbai #cashchaos #cashban #bank @ICICIBank_Care @AxisBank",,@HDFCBank_Cares @ICICIBank_Care @AxisBank,#ATMs #cashchaos #cashban #bank,"797399206096932864",https://twitter.com/NasrinzStory/status/797399206096932864
kolkata24x7,2016-11-12 16:51,0,0,"Cashless Villagers #Loot PDS Shop In #Mp 's Chhatarpur https:// goo.gl/ZNGFPT #Cashban pic.twitter.com/iYSknhH3pP",,,#Loot #Mp #Cashban,"797398936986255360",https://twitter.com/kolkata24x7/status/797398936986255360
NasrinzStory,2016-11-12 15:39,1,1,"#PSUbanks deposit rises in Q2 ahead of #demonitisation : Why so? http:// t.in.com/c4Cv #CashBan #CashRush #CashCleanUp #banks",,,#PSUbanks #demonitisation #CashBan #CashRush #CashCleanUp #banks,"797380886127742976",https://twitter.com/NasrinzStory/status/797380886127742976
priyanka0624,2016-11-12 14:56,0,0,"#Nopreparation #CashBan #CashRush #ATMsuseless https:// twitter.com/ndtv/status/79 7360222239014912 …",,,#Nopreparation #CashBan #CashRush #ATMsuseless,"797369889715425280",https://twitter.com/priyanka0624/status/797369889715425280
GarvSeSecular,2016-11-12 14:50,0,0,"There was no #cashban , just quiet withdrawal over 6 months. No drama, no panic. https:// twitter.com/roy5ankar/stat us/797357703685210112 …",,,#cashban,"797368388637126656",https://twitter.com/GarvSeSecular/status/797368388637126656
stanley_chekot,2016-11-12 14:01,0,0,"@PiyushGoyal @YouTube #Demonitisation #cashban this is what u mean by support, their helplessness & hopelessness, u consider as support ??? pic.twitter.com/pEyGzF7vi3",,@PiyushGoyal @YouTube,#Demonitisation #cashban,"797356219199524864",https://twitter.com/stanley_chekot/status/797356219199524864
stanley_chekot,2016-11-12 13:56,0,0,"@ANI_news @TimesNow @htTweets #Demonitisation #cashban we are living in this moment, atleast stop lecturing, it only adds to the pain pic.twitter.com/ldgH2OCedk",,@ANI_news @TimesNow @htTweets,#Demonitisation #cashban,"797354920743673856",https://twitter.com/stanley_chekot/status/797354920743673856
stanley_chekot,2016-11-12 13:45,0,0,"@TimesNow @htTweets #Demonitisation #cashban young children &mom in line, BJP's "Dhoda Bohut parishani" 3rd day of utter suffering pic.twitter.com/KuAWXXuWuN",,@TimesNow @htTweets,#Demonitisation #cashban,"797352091140427776",https://twitter.com/stanley_chekot/status/797352091140427776
isurabhipandey,2016-11-12 13:43,0,0,"Raton raat, hamari geography badal gayi.... saara hindustan K(Q)atar mein hai! #cashban #CashCrunch",,,#cashban #CashCrunch,"797351503556026368",https://twitter.com/isurabhipandey/status/797351503556026368
kolkata24x7,2016-11-12 13:38,0,0,"Railways To Accept Rs. 500, 1000 Notes Till November 14 https:// goo.gl/Gt9MZR #CashBan #LatestNews #MoneyExchange #Railway pic.twitter.com/6EOWhCllxS",,,#CashBan #LatestNews #MoneyExchange #Railway,"797350264520974336",https://twitter.com/kolkata24x7/status/797350264520974336
stanley_chekot,2016-11-12 13:31,1,0,"@TimesNow @htTweets #Demonitisation #cashban "look at the hopelessness, agony & pain of public, Thanks 2 BJP, 3rd day of chaos!! pic.twitter.com/yesAyRqZau",,@TimesNow @htTweets,#Demonitisation #cashban,"797348618114056192",https://twitter.com/stanley_chekot/status/797348618114056192
ZedLens,2016-11-12 11:55,0,0,"@live_hindustan @amitshah @shekharkahin kya BJP kashmir or #CashBan ki mismanagement ki maafi maangegi?",,@live_hindustan @amitshah @shekharkahin,#CashBan,"797324461783609344",https://twitter.com/ZedLens/status/797324461783609344
AshokChoudhaary,2016-11-12 11:35,5,7,"#CashBan : People are helpless. And now getting angry too. https:// twitter.com/i/moments/7969 87226429259776 …",,,#CashBan,"797319499913502720",https://twitter.com/AshokChoudhaary/status/797319499913502720
HariRC,2016-11-12 10:43,0,0,"To all media. Please cover rural areas and not metros, for your convenience. Rural people is in need of cash than others. #cashban",,,#cashban,"797306222282035200",https://twitter.com/HariRC/status/797306222282035200
HariRC,2016-11-12 10:38,0,0,"In metro. A guy come in a car to petrol pump and talks about cash crunch to fill petrol. I ask, don't you have debit/credit card. #cashban",,,#cashban,"797305024632131585",https://twitter.com/HariRC/status/797305024632131585
EkBilangChota,2016-11-12 09:20,3,1,"I don't understand why media is providing fodder to panic on #CashBan . They should educate citizens in using plastic / digital money!",,,#CashBan,"797285505230475265",https://twitter.com/EkBilangChota/status/797285505230475265