username,date,retweets,favorites,text,geo,mentions,hashtags,id,permalink
r_rinju,2016-11-15 00:18,0,1,"@sudhirchaudhary ... @ZeeNews is only channel, who is showing positive side of #cashban . Keep it up. . watching #DNA for second time today",,@sudhirchaudhary @ZeeNews,#cashban #DNA,"798236197512318976",https://twitter.com/r_rinju/status/798236197512318976
KoosJansen,2016-11-14 17:49,6,10,"ICYMI: India is not banning cash completely. Instead, its replacing old notes for newer larger notes! https://www. rbi.org.in/scripts/images /RS2000.jpg … #cashban #gold pic.twitter.com/TAZ1g4gcVj",,,#cashban #gold,"798138315463675904",https://twitter.com/KoosJansen/status/798138315463675904
bhanuvrat,2016-11-14 17:42,1,2,"#cashban is like chemotherapy harming white and black economy equally. #gehuKeSaathGhun",,,#cashban #gehuKeSaathGhun,"798136557920104448",https://twitter.com/bhanuvrat/status/798136557920104448
Karnikakahen,2016-11-14 17:36,60,45,"बुरा हाल, आफत काल #नोट_नहीं_PM_बदलो #जनता_त्रस्त_भ्रष्टाचारी_मस्त #CashRush #CashBan #CashCruch #demonetization pic.twitter.com/wScCk9jPpf",,,#न #जनत #CashRush #CashBan #CashCruch #demonetization,"798135018971201537",https://twitter.com/Karnikakahen/status/798135018971201537
kolkata24x7,2016-11-14 16:41,1,0,"PM’s Statement on Poor Is An Insult To C ... http:// english.kolkata24x7.com/kolkata/pms-st atement-poor-insult-common-cm-mamata … #CashBan #LatestNews #MainSlider #MamataBanerjee #NarendraModi pic.twitter.com/GzSJQOAERP",,,#CashBan #LatestNews #MainSlider #MamataBanerjee #NarendraModi,"798121101540937728",https://twitter.com/kolkata24x7/status/798121101540937728
guneetnarula,2016-11-14 13:59,1,2,"Upper (unaffected) class response to post #cashban banking delays: if hospitals run 24x7 then why can't bank employees work 24x7 these days",,,#cashban,"798080280653230080",https://twitter.com/guneetnarula/status/798080280653230080
greatandhranews,2016-11-14 11:44,5,3,"#Dhruva and #Khaidi To Feel The Heat Of #CashBan #Ramcharan #Chiranjeevi #KhaidiNo150 http://www. greatandhra.com/politics/gossi p/dhruva-and-khaidi-to-feel-the-heat-of-cashban-78124.html … pic.twitter.com/IuQoZWw9cZ",,,#Dhruva #Khaidi #CashBan #Ramcharan #Chiranjeevi #KhaidiNo150,"798046330471878658",https://twitter.com/greatandhranews/status/798046330471878658
venkat_ga,2016-11-14 11:43,0,0,"Dhruva and Khaidi To Feel The Heat Of #CashBan http:// fb.me/6ASqFOujg",,,#CashBan,"798046083771461632",https://twitter.com/venkat_ga/status/798046083771461632
ModiBharosa,2016-11-14 11:23,3,1,"कश्मीर में दम तोड़ने लगा अलगाववादियों का बंद #BlackMoney #byebyeblackmoney #cashban pic.twitter.com/52uSTDlPfm",,,#BlackMoney #byebyeblackmoney #cashban,"798041155812335616",https://twitter.com/ModiBharosa/status/798041155812335616
kanikacart,2016-11-14 10:52,3,5,"और कितना ठिकाने लगाओगे, मोदी जी ? #नोट_नहीं_PM_बदलो #जनता_त्रस्त_भ्रष्टाचारी_मस्त #CashRush #CashBan #demonetization pic.twitter.com/6wrvhwcTNb",,,#न #जनत #CashRush #CashBan #demonetization,"798033316091834372",https://twitter.com/kanikacart/status/798033316091834372
ViragLive,2016-11-14 07:11,0,0,"Due to #cashban in India,canceling trip to Somnath #India trip. #Tourism badly affected by #DeMonetisation @wsj @BBCBusiness @narendramodi",,@wsj @BBCBusiness @narendramodi,#cashban #India #Tourism #DeMonetisation,"797977665814740992",https://twitter.com/ViragLive/status/797977665814740992