username,date,retweets,favorites,text,geo,mentions,hashtags,id,permalink
dailyonion,2016-11-10 02:14,0,0,"... Artificial emergency created. India on total #cashban",,,#cashban,"796453458320601088",https://twitter.com/dailyonion/status/796453458320601088
ajantriks,2016-11-09 20:15,0,0,"Ref: ad by @Paytm . #paytmkaro #CashBan #WhoWerePrepared #FollowTheMoney @pranesh @vinaykesari pic.twitter.com/z64QX32K9n",,@Paytm @pranesh @vinaykesari,#paytmkaro #CashBan #WhoWerePrepared #FollowTheMoney,"796363016207900673",https://twitter.com/ajantriks/status/796363016207900673
guneetnarula,2016-11-09 18:56,5,2,"This bold #CashBan decision: - doesn't really curb corruption/black money/terrorism - helps #FinTechStartUps - makes lives of the poor worse pic.twitter.com/RNDysViccs",,,#CashBan #FinTechStartUps,"796343220875558912",https://twitter.com/guneetnarula/status/796343220875558912
ajantriks,2016-11-09 16:22,1,0,"#CashBan #BusinessDisrupted #DigitalPayments #Windfall #Rent #WhoWerePrepared ? @suvojitc : https:// medium.com/@suvojitc/a-bi g-bang-attack-on-corruption-or-is-it-ee3d63330501#.le6a3gs26 … pic.twitter.com/xHdxdRL1TN",,@suvojitc @suvojitc,#CashBan #BusinessDisrupted #DigitalPayments #Windfall #Rent #WhoWerePrepared #,"796304363413061632",https://twitter.com/ajantriks/status/796304363413061632
LbKipgen,2016-11-09 12:08,0,0,"what really is the reason behind the banning of ₹500 & ₹1000 Cash notes ?? #cashban",,,#cashban,"796240628749213696",https://twitter.com/LbKipgen/status/796240628749213696
shatanshu,2016-11-09 10:25,1,0,"Long queues at toll. People tryng to pass 500 note. people come up with ingenious ways to scuttle the best of measures #cashban #Bangalore",,,#cashban #Bangalore,"796214645862199297",https://twitter.com/shatanshu/status/796214645862199297
abhaytamaria,2016-11-09 10:01,0,0,"Hats off to Modiji but was just wondering is thr any relationship between launching of payments bank & #cashban",,,#cashban,"796208617972076544",https://twitter.com/abhaytamaria/status/796208617972076544
avinashnash97,2016-11-09 09:05,0,0,"#ModiFightsCorruption Maza tho aayega agar aaj modi ji bol de ki "Mitron kal raat zada ho gayi thi maaf kar do". #cashban",,,#ModiFightsCorruption #cashban,"796194406625902593",https://twitter.com/avinashnash97/status/796194406625902593
shatanshu,2016-11-09 06:13,0,0,"Going by the tweets, it seems all honest people are on Twitter. #cashban",,,#cashban,"796151088063729665",https://twitter.com/shatanshu/status/796151088063729665