username,date,retweets,favorites,text,geo,mentions,hashtags,id,permalink
jpkallikkal,2016-11-09 22:48,0,1,"#Demonitization : Macro level National audit and micro level individual asset audit necessary to gauge net real worth of the nation.",,,#Demonitization,"796401610041618432",https://twitter.com/jpkallikkal/status/796401610041618432
akhilesh1,2016-11-09 22:30,0,1,"Instead of spreading FAQs on #Demonitization bhakts are more concerned to hear @ArvindKejriwal view on #Demonitisation . #CheapBhakti",,@ArvindKejriwal,#Demonitization #Demonitisation #CheapBhakti,"796397046336929792",https://twitter.com/akhilesh1/status/796397046336929792
law_ninja,2016-11-09 21:48,0,1,"#cash #being #distributed after #demonitization of #currency #india #politicians https://www. instagram.com/p/BMmIdUbgVMi/",,,#cash #being #distributed #demonitization #currency #india #politicians,"796386374224138240",https://twitter.com/law_ninja/status/796386374224138240
AradhnaW,2016-11-09 21:25,0,0,"Dawood Ibrahim is zero cz of this (??), RBI has put a chip in it to track it. (RBI reallt needs to loudly refute that) #demonitization",,,#demonitization,"796380656423075841",https://twitter.com/AradhnaW/status/796380656423075841
torinspiration,2016-11-09 20:50,0,0,"So will it be massive #demonitization for US employers of illegal aliens as POTUS Trump implements retroactive penalties? Or #statusquo ?",,,#demonitization #statusquo,"796371796261998593",https://twitter.com/torinspiration/status/796371796261998593
nitin_alwar,2016-11-09 20:48,0,0,"#GoCashFreeWithSnapdeal this is called finding business opportunity in obstacle. @snapdeal #demonitization",,@snapdeal,#GoCashFreeWithSnapdeal #demonitization,"796371306690199552",https://twitter.com/nitin_alwar/status/796371306690199552
SREEHARI2001,2016-11-09 19:09,0,0,"People of #TamilNadu saved on Real Estate Count only indirectly because Govt..stopped property sale on approval count.. #Demonitization",,,#TamilNadu #Demonitization,"796346530382770176",https://twitter.com/SREEHARI2001/status/796346530382770176
BibiPakhii,2016-11-09 18:46,7,6,"This thread must read for all who are blindly believing this #Demonitization is war on black money! Why Govt silent on Panama paper probe? https:// twitter.com/GauravPandhi/s tatus/796303342162972672 …",,,#Demonitization,"796340572994686976",https://twitter.com/BibiPakhii/status/796340572994686976
SREEHARI2001,2016-11-09 18:20,1,1,"It is not #Demonitization ...Call that Swap of old for New ones... #TamilNadu #AIADMK",,,#Demonitization #TamilNadu #AIADMK,"796334019918954497",https://twitter.com/SREEHARI2001/status/796334019918954497
SREEHARI2001,2016-11-09 18:18,0,1,"In the name of #Demonitization #Feku guns for more from Poor to mitigate Greedy Speculative loss of his Gujarati Cronies.. #TamilNadu #AIADMK",,,#Demonitization #Feku #TamilNadu #AIADMK,"796333563146711042",https://twitter.com/SREEHARI2001/status/796333563146711042
KaurHasmeet,2016-11-09 17:59,0,1,"Okay! Another big blow to us, unfortunate bankers. Banks to remain open on Saturday and Sunday! #demonitization #IndiaFightsCorruption",,,#demonitization #IndiaFightsCorruption,"796328812682170368",https://twitter.com/KaurHasmeet/status/796328812682170368
suhasinih,2016-11-09 17:55,12,19,"Follow @shivsunny for some ground stories of #demonitization : not everyone upset involve fatcat businessmen/ corrupt officials",,@shivsunny,#demonitization,"796327932985651200",https://twitter.com/suhasinih/status/796327932985651200
ChaiKCharcha,2016-11-09 17:47,0,0,"People please help the poor folks at the hospitals today,who can't pay dues coz of #DeMonitization .If you can't, atleast talk to the hosp.",,,#DeMonitization,"796325765809774592",https://twitter.com/ChaiKCharcha/status/796325765809774592
asthaghai30,2016-11-09 17:10,0,2,"Breaking news from USA and India: WHITE DAYS AHEAD #USelection #Demonitization",,,#USelection #Demonitization,"796316554975580160",https://twitter.com/asthaghai30/status/796316554975580160
VClientWealth,2016-11-09 16:53,0,0,"Tune in to @radiocityindia at 6 pm! #Demonitization #CurrencyBan #RealEstate #Equity pic.twitter.com/upJmCn2cyP",,@radiocityindia,#Demonitization #CurrencyBan #RealEstate #Equity,"796312151287742464",https://twitter.com/VClientWealth/status/796312151287742464
bishalbarnwal,2016-11-09 16:27,1,3,"All of a sudden Craziness is the new cool word #Trump #demonitization",,,#Trump #demonitization,"796305691904528385",https://twitter.com/bishalbarnwal/status/796305691904528385
Sunil4bjpIndia,2016-11-09 16:25,1,0,"@narendramodi #Blackmoney के खिलाफ केंद्र सरकार की #Demonitization पॉलिसी से आपने एक ही तीर से कई निशाने साधे है जो सराहनीय है । पुनः बधाई",,@narendramodi,#Blackmoney #Demonitization,"796305137358675969",https://twitter.com/Sunil4bjpIndia/status/796305137358675969
sowmya08,2016-11-09 15:54,2,2,"was it just me who read the P in the tweet as :P face ? ;) #Demon #Demonitization https:// twitter.com/thenewsminute/ status/796295408976678913 …",,,#Demon #Demonitization,"796297504744554496",https://twitter.com/sowmya08/status/796297504744554496
VClientWealth,2016-11-09 15:51,0,0,"I will be on @radiocityindia 91.1 FM today from 6-8pm for a #QnA on effect of #Demonitization on #RealEstate & #Equity Market #vclientwealth",,@radiocityindia,#QnA #Demonitization #RealEstate #Equity #vclientwealth,"796296548514729984",https://twitter.com/VClientWealth/status/796296548514729984
HEMESH76,2016-11-09 15:03,0,1,"@timesofindia @narendramodi Demon demolished #Demonitization",,@timesofindia @narendramodi,#Demonitization,"796284482592579584",https://twitter.com/HEMESH76/status/796284482592579584
phukanyesin,2016-11-09 13:59,4,2,"In d midst of #Demonitization ₹500 ₹1000, localites r way too happy wid d trnsctns of ₹10 ₹20 ₹50 & ₹100 notes #FarmersDay , Titabor, Jorhat",,,#Demonitization #FarmersDay,"796268534959509505",https://twitter.com/phukanyesin/status/796268534959509505
prahladpandey,2016-11-09 12:56,0,1,"Those saying yet-if-but today either hv #BlackMoney , or ignorant of long term benefit of #DeMonitization , or jealous of @NaMo .",,@NaMo,#BlackMoney #DeMonitization,"796252510273077248",https://twitter.com/prahladpandey/status/796252510273077248
kumar_abhi41,2016-11-09 12:31,0,1,"#Demonitization of #500 and 1000 Rs notes a good beginning must also get to the unaccounted funding of pol parties Gangotri of corruption!",,,#Demonitization #500,"796246271593836545",https://twitter.com/kumar_abhi41/status/796246271593836545
gollum77,2016-11-09 11:56,0,1,"Wonder if people confused the image of Mangalyan as a Nano GPS receiver on the INR2000 notes! #demonitization",,,#demonitization,"796237444987297792",https://twitter.com/gollum77/status/796237444987297792
mynd_it,2016-11-09 10:04,0,0,"Haha! Post by @one_by_two . #atulkhatri #demonitization #halla https://www. instagram.com/p/BMk3_OmAM9C/",,@one_by_two,#atulkhatri #demonitization #halla,"796209418899750914",https://twitter.com/mynd_it/status/796209418899750914
ShannuKaw,2016-11-09 09:38,2,1,"#Demonitization Huge step to weed out black money/terror financing. Temp Inconvenience but every honest citizen will support.",,,#Demonitization,"796202889567797248",https://twitter.com/ShannuKaw/status/796202889567797248
brijeshdave4u,2016-11-09 08:28,0,2,"#OLX or #quicker .. Which is best platform to sale 100 & 500 Rupees Notes after #Demonitization",,,#OLX #quicker #Demonitization,"796185158525165568",https://twitter.com/brijeshdave4u/status/796185158525165568