username,date,retweets,favorites,text,geo,mentions,hashtags,id,permalink
mgrg7,2016-11-10 04:37,2,0,"#RaghuramRajan : Those who can pay taxes must pay taxes. Better tax administration will tackle #BlackMoney . #Demonitisation NOT SUCCESSFUL https:// twitter.com/waglenikhil/st atus/796406534964060160 …",,,#RaghuramRajan #BlackMoney #Demonitisation,"796489531033841666",https://twitter.com/mgrg7/status/796489531033841666
alwaysVthAap,2016-11-10 04:04,0,0,"#Demonitisation https:// twitter.com/misabharti/sta tus/796383696425132033 …",,,#Demonitisation,"796481050365009920",https://twitter.com/alwaysVthAap/status/796481050365009920
alwaysVthAap,2016-11-10 04:01,0,0,"#Demonitisation #ambaniModiNexus https:// twitter.com/aapka_rk/statu s/796457910666756096 …",,,#Demonitisation #ambaniModiNexus,"796480308988223488",https://twitter.com/alwaysVthAap/status/796480308988223488
IamManishArora,2016-11-10 02:10,1,2,"Girls on #Demonitisation will be like Finally #Pink colour ke paise aa gye :D #2000RsNote Ps: Don't take it personally !!",,,#Demonitisation #Pink #2000RsNote,"796452458448896000",https://twitter.com/IamManishArora/status/796452458448896000
EconomicTimes,2016-11-10 02:00,6,13,"#Demonitisation to hit trading tickets for cash by SP, BSP: BJP http:// economictimes.indiatimes.com/news/politics- and-nation/demonitisation-to-hit-trading-tickets-for-cash-by-sp-bsp-bjp/articleshow/55335875.cms?utm_source=twitter.com&utm_medium=referral&utm_campaign=ETTWMain …",,,#Demonitisation,"796449785167245312",https://twitter.com/EconomicTimes/status/796449785167245312
nostradamuspeak,2016-11-10 01:44,0,0,"#Demonitisation When realization dawns upon #Bhakts and the ones heaping praises on Modi, you will see. #PehleTaaliPhirGaali",,,#Demonitisation #Bhakts #PehleTaaliPhirGaali,"796445850327076864",https://twitter.com/nostradamuspeak/status/796445850327076864
noblenivedita,2016-11-10 01:06,0,1,"#TrumpPresident dumb USA #brexit dumb britishers #Demonitisation Amazing Indians ,Never felt more proud to be a Indian #JaiHind",,,#TrumpPresident #brexit #Demonitisation #JaiHind,"796436221702475776",https://twitter.com/noblenivedita/status/796436221702475776
iAvinashMishr,2016-11-10 00:25,22,19,"The #RiseOfTheRight on Social Media is when u have #DeMonitisation & #TrumpPresident as top two trends. pic.twitter.com/DdiBOeqjhQ",,,#RiseOfTheRight #DeMonitisation #TrumpPresident,"796425928834326528",https://twitter.com/iAvinashMishr/status/796425928834326528
chandurdc,2016-11-10 00:17,0,0,"#Demonitisation https:// twitter.com/kvQuote/status /796419199006445568 …",,,#Demonitisation,"796423900003385344",https://twitter.com/chandurdc/status/796423900003385344
manishrNGS,2016-11-10 00:02,0,1,"No Raja No Rank worried after #Demonitisation of Rs 500-1000 #currencynotes . Only common people affected @navgujaratsamay #Ahmedabad",,@navgujaratsamay,#Demonitisation #currencynotes #Ahmedabad,"796420273490669568",https://twitter.com/manishrNGS/status/796420273490669568
samajikasanyasi,2016-11-09 23:26,0,0,"Today no news of #JIHAAD from #kashmir , guess #BlackMoney #Rs500andRs1000 #Demonitisation immediate effect",,,#JIHAAD #kashmir #BlackMoney #Rs500andRs1000 #Demonitisation,"796411260631973888",https://twitter.com/samajikasanyasi/status/796411260631973888
Neeru_Bahl,2016-11-09 23:21,1,0,"Same scenario in Delhi. #Demonitisation https:// twitter.com/Vidyut/status/ 796335989287505920 …",,,#Demonitisation,"796409938331373568",https://twitter.com/Neeru_Bahl/status/796409938331373568
SaketAloni,2016-11-09 23:20,0,0,"@SatyendarJain r u trying to congratulate PMO for quick decision making #ModiAgainstCorruption #Demonitisation https:// twitter.com/SatyendarJain/ status/796405132896280578 …",,@SatyendarJain,#ModiAgainstCorruption #Demonitisation,"796409594025279496",https://twitter.com/SaketAloni/status/796409594025279496
Chandani94,2016-11-09 23:18,0,1,"Doodling away the #DeMonitisation ! Ache din aaane wale hain! #BlackMoney pic.twitter.com/IDVy5Y5csE",,,#DeMonitisation #BlackMoney,"796409192684941312",https://twitter.com/Chandani94/status/796409192684941312
rachnaburman,2016-11-09 23:08,1,0,"This misuse of #Demonitisation needs action, if true @arunjaitley @DasShaktikanta #BlackMoney #Rs500andRs1000 https:// twitter.com/NamanSr/status /796261220902780931 …",,@arunjaitley @DasShaktikanta,#Demonitisation #BlackMoney #Rs500andRs1000,"796406575778922497",https://twitter.com/rachnaburman/status/796406575778922497
kumarmanish9,2016-11-09 23:07,0,0,"Bankers are New Fauji in India right now.They are up against a herculean task. #Demonitisation #Banknotes",,,#Demonitisation #Banknotes,"796406419641823233",https://twitter.com/kumarmanish9/status/796406419641823233
blunt_comment,2016-11-09 23:05,0,0,"Dear @narendramodi I find it curious as2 why Film fraternity is lauding your #SurgicalStrikeonBlackMoney Something fishy? #Demonitisation",,@narendramodi,#SurgicalStrikeonBlackMoney #Demonitisation,"796405960218546176",https://twitter.com/blunt_comment/status/796405960218546176
NanditaSoibam,2016-11-09 23:01,0,1,"Feku Modi said, " #Demonitisation is war against Black Money". Then why is he harassing honest people now.",,,#Demonitisation,"796404939652206597",https://twitter.com/NanditaSoibam/status/796404939652206597
TruthMedicinee,2016-11-09 22:56,1,0,"The whole #india salutes today @narendramodi for #Demonitisation , Masterstroleke of the living legend #blackmoney #WarAgainstDirtyCash pic.twitter.com/5axLxEHvyS",,@narendramodi,#india #Demonitisation #blackmoney #WarAgainstDirtyCash,"796403586116833280",https://twitter.com/TruthMedicinee/status/796403586116833280
cric_crazy_nerd,2016-11-09 22:52,0,0,"@DrGPradhan #Demonitisation perks 5 #EndGame Pakistan has begun... no Jihadi Hillary no Abedin no Brotherhood only option surrender to #Modi",,@DrGPradhan,#Demonitisation #EndGame #Modi,"796402634903040000",https://twitter.com/cric_crazy_nerd/status/796402634903040000
ashutosh_nishu,2016-11-09 22:38,0,0,"Quite surprised that @arvindkejriwal has nt made a single tweet,statement on d #Demonitisation of currency. Busy counting notes ?",,@arvindkejriwal,#Demonitisation,"796398982503288832",https://twitter.com/ashutosh_nishu/status/796398982503288832
vote4india,2016-11-09 22:33,0,1,"@ShootinThoughts They are indeed poorest of poor who have lost all they had due to #Demonitisation",,@ShootinThoughts,#Demonitisation,"796397862691041281",https://twitter.com/vote4india/status/796397862691041281
ShabnamMenon,2016-11-09 22:31,0,0,"Loving the dear idiot middle class tweets going around.. Dear Libs/Lefts, however you identify yourselves.. #BlackMoney #Demonitisation",,,#BlackMoney #Demonitisation,"796397245671346180",https://twitter.com/ShabnamMenon/status/796397245671346180
akhilesh1,2016-11-09 22:30,0,1,"Instead of spreading FAQs on #Demonitization bhakts are more concerned to hear @ArvindKejriwal view on #Demonitisation . #CheapBhakti",,@ArvindKejriwal,#Demonitization #Demonitisation #CheapBhakti,"796397046336929792",https://twitter.com/akhilesh1/status/796397046336929792
eccentricraj,2016-11-09 22:28,0,0,"@AbhilawAbhishek the PIL version is certain rules of RBI are violated by union govt and forced RBI for #Demonitisation @AllegedLowbrow",,@AbhilawAbhishek @AllegedLowbrow,#Demonitisation,"796396593301684225",https://twitter.com/eccentricraj/status/796396593301684225
d_tejal,2016-11-09 22:26,1,1,"#Demonitisation was a learning in many ways - diff stories of rich n poor, making us unlearn n learn a few things. Change n think beyond",,,#Demonitisation,"796396008280244224",https://twitter.com/d_tejal/status/796396008280244224
roy_priyanshu,2016-11-09 22:26,0,0,"@arunjaitley Sir pl. take appropriate&immediate steps for people of our country involved in wedding activities. #Demonitisation",,@arunjaitley,#Demonitisation,"796395951564804096",https://twitter.com/roy_priyanshu/status/796395951564804096
nstarnikhil6697,2016-11-09 22:24,0,0,"It takes just a moment for things to change. You can be the king & the next instance pauper. #WednesdayWisdom #DeMonitisation #TrumpWins",,,#WednesdayWisdom #DeMonitisation #TrumpWins,"796395563386216449",https://twitter.com/nstarnikhil6697/status/796395563386216449
shahprateek939,2016-11-09 22:23,0,1,"@IndiaToday #Demonitisation ....it's not only directed against black money.,It's an unprecedented master stroke.Well planned n executed.",,@IndiaToday,#Demonitisation,"796395239325863936",https://twitter.com/shahprateek939/status/796395239325863936
GehlawatSid,2016-11-09 22:21,0,0,"Deposits above Rs 2.5 lakh to face tax, 200% penalty on income mismatch #Demonitisation #HistoricalStepOfModi http:// toi.in/jKWe7b/a19ci",,,#Demonitisation #HistoricalStepOfModi,"796394857342373888",https://twitter.com/GehlawatSid/status/796394857342373888
mahatosius,2016-11-09 22:17,0,0,"Achanak se TV walon ko bahut saare gareeb nazar aane lage hain 500 500 ke noton ke saath. #DeMonitisation",,,#DeMonitisation,"796393731645587456",https://twitter.com/mahatosius/status/796393731645587456
reetaam,2016-11-09 22:14,0,1,"Nothing will happen @KOLLEO in this #Demonitisation process of 500 & 1000 Indian currency. @MamataOfficial @quizderek",,@KOLLEO @MamataOfficial @quizderek,#Demonitisation,"796392998686756865",https://twitter.com/reetaam/status/796392998686756865
ThameamMohammed,2016-11-09 22:07,0,0,"Current Scenario.. #Money Sacks being dumped or buried.. #Demonitisation pic.twitter.com/QreHooFv0a",,,#Money #Demonitisation,"796391277700878336",https://twitter.com/ThameamMohammed/status/796391277700878336
hey_ashu14,2016-11-09 22:01,0,0,"@SandeepKuMohant #Demonitisation substitutes ₹1k by ₹2k and we are celebrating the boom for the parallel economy. Hats off..",,@SandeepKuMohant,#Demonitisation,"796389754094747648",https://twitter.com/hey_ashu14/status/796389754094747648
HimanshuTrived,2016-11-09 21:55,0,2,"Bold and brute-tiful, for now … … Hopefully to be wrapped up with a fintech blizzard. #DeMonitisation",,,#DeMonitisation,"796388232728604672",https://twitter.com/HimanshuTrived/status/796388232728604672
chaudhryneha,2016-11-09 21:54,0,0,"Pls verify authenticity, received this msg. Some politician in Kolar is distributing notes as loan @PMOIndia @narendramodi #Demonitisation pic.twitter.com/Ke8PGbimIF",,@PMOIndia @narendramodi,#Demonitisation,"796387990620622848",https://twitter.com/chaudhryneha/status/796387990620622848
ravikirana,2016-11-09 21:50,0,0,"No #AAP leaders in any prime time debate about #Demonitisation ?",,,#AAP #Demonitisation,"796387054552682496",https://twitter.com/ravikirana/status/796387054552682496
RaghuRajMurmu,2016-11-09 21:49,0,0,"Isn't it true that as per the law, the government needed to come out with an ordinance and then an 'Act' before such a move. #Demonitisation",,,#Demonitisation,"796386758942289920",https://twitter.com/RaghuRajMurmu/status/796386758942289920
itssimrank9,2016-11-09 21:45,0,1,"Abse history ki book m ek or chapter add ho gyaa!!!! #india 's new currency #Demonitisation say no to #BlackMoney #amazing_decision",,,#india #Demonitisation #BlackMoney #amazing_decision,"796385839290847232",https://twitter.com/itssimrank9/status/796385839290847232
VAIBHAV123665,2016-11-09 21:40,0,0,"Kudos to PM Modi for this bold move! He knows how to apply formula #Demonitisation . #JaiHind pic.twitter.com/HRE1d9nU3E",,,#Demonitisation #JaiHind,"796384442709377024",https://twitter.com/VAIBHAV123665/status/796384442709377024
nandinisharma21,2016-11-09 21:35,0,0,"#WarAgainstDirtyCash #Demonitisation need of the hour",,,#WarAgainstDirtyCash #Demonitisation,"796383190470406144",https://twitter.com/nandinisharma21/status/796383190470406144
GehlawatSid,2016-11-09 21:30,0,2,"By ordinary people, did you mean Robert Vadra type farmers ? #Demonitisation #GoCashFreeWithSnapdeal @RatanSharda55 #WarAgainstBlackMoney https:// twitter.com/OfficeOfRG/sta tus/796256425320202240 …",,@RatanSharda55,#Demonitisation #GoCashFreeWithSnapdeal #WarAgainstBlackMoney,"796382077285527558",https://twitter.com/GehlawatSid/status/796382077285527558
AjitDoval007,2016-11-09 21:27,2,6,"Amazing!!! #Demonitisation #GoCashFreeWithSnapdeal #WarAgainstBlackMoney https:// twitter.com/GehlawatSid/st atus/796364387527393280 …",,,#Demonitisation #GoCashFreeWithSnapdeal #WarAgainstBlackMoney,"796381268002881536",https://twitter.com/AjitDoval007/status/796381268002881536
Rajsdb,2016-11-09 21:26,0,0,"Currency #Demonitisation is like the early lead of #hillary but looks like someone else is going to have a last laugh!! for good or bad.",,,#Demonitisation #hillary,"796380969741623296",https://twitter.com/Rajsdb/status/796380969741623296
digantsharma,2016-11-09 21:23,1,3,"Meanwhile, India deals with its currency notes remarkably; the US created their own "Brexit" sorta moment! #PresidentTrump #Demonitisation",,,#PresidentTrump #Demonitisation,"796380121032781824",https://twitter.com/digantsharma/status/796380121032781824
yaps9,2016-11-09 21:20,0,1,"#Demonitisation https:// twitter.com/pti_news/statu s/796378793208225793 …",,,#Demonitisation,"796379515433861120",https://twitter.com/yaps9/status/796379515433861120
saurabhpai,2016-11-09 21:14,0,0,"#Demonitisation is vendetta against NDTV by Modi. He announced it when @BakBakBarkha is in US to prevent her from using her Radia stash.",,@BakBakBarkha,#Demonitisation,"796377971304992768",https://twitter.com/saurabhpai/status/796377971304992768
HarsimranJulka,2016-11-09 21:11,0,1,"@aartic02 Few people know this ad was released at post 1 am in night after announcement by Govt #Paytm #Demonitisation",,@aartic02,#Paytm #Demonitisation,"796377179978240001",https://twitter.com/HarsimranJulka/status/796377179978240001
kolkata24x7,2016-11-09 21:00,0,1,"Supreme Court Moved Against Demonetisation Of Rs. 1,000, ... https:// goo.gl/adAH8o #Demonitisation #LatestNews #Modi #Note #SC pic.twitter.com/tauyDrfMRf",,,#Demonitisation #LatestNews #Modi #Note #SC,"796374508059971584",https://twitter.com/kolkata24x7/status/796374508059971584
nakulsatpute11,2016-11-09 20:55,0,0,"#Demonitisation politicians should come up with suggestions instead of condemning Govt decisions.",,,#Demonitisation,"796373207049768960",https://twitter.com/nakulsatpute11/status/796373207049768960
amansharma6723,2016-11-09 20:53,0,1,"hi guys i am hearing the 2000 note will attach finger print scanner if u r touch this scanner #gandhiji will slap u #DeMonitisation",,,#gandhiji #DeMonitisation,"796372689808138240",https://twitter.com/amansharma6723/status/796372689808138240
rajshrestha75,2016-11-09 20:52,0,0,"#Demonitisation regrets . Everyone should have gambled more aggressively this diwali. #kiddingnotkidding",,,#Demonitisation #kiddingnotkidding,"796372397750415367",https://twitter.com/rajshrestha75/status/796372397750415367
vinaydokania,2016-11-09 20:49,2,6,"Funny dat d govt has appointed fraud babas like Ramdev b Srisri to hopp channels n justify d #Demonitisation move of #TughlaqModi",,,#Demonitisation #TughlaqModi,"796371549683154944",https://twitter.com/vinaydokania/status/796371549683154944
vinaydokania,2016-11-09 20:48,0,2,"Ppl hav been rattled by #demonitisation n d govt seems to b under fire after the tughalqui execution of a decent step",,,#demonitisation,"796371456410132480",https://twitter.com/vinaydokania/status/796371456410132480
vinaydokania,2016-11-09 20:45,2,5,"Quite surprised that @arvindkejriwal has nt made a single tweet,statement on d #Demonitisation of currency. Busy counting notes ?",,@arvindkejriwal,#Demonitisation,"796370687703269376",https://twitter.com/vinaydokania/status/796370687703269376
nsd308,2016-11-09 20:45,0,0,"#ECommerce companies get set for a new #CashOnDelivery Model http://www. bloombergquint.com/business/2016/ 11/09/e-commerce-companies-get-set-for-a-new-cash-on-delivery-model … #Demonitisation #Flipkart #snapdeal #Amazon #Shopclues",,,#ECommerce #CashOnDelivery #Demonitisation #Flipkart #snapdeal #Amazon #Shopclues,"796370681709625344",https://twitter.com/nsd308/status/796370681709625344
chintanbhaidani,2016-11-09 20:44,0,1,"These #Demonitisation forwards have reached a point behind annoyance. Ppl think as if others won't get d news if they don't 4wrd d 4wrds.",,,#Demonitisation,"796370383309926401",https://twitter.com/chintanbhaidani/status/796370383309926401
drjavedjamil,2016-11-09 20:42,0,0,"#Money #Demonitisation #javedjamilarticles #javedjamil http:// buff.ly/2fyjqJG pic.twitter.com/PyO2pPJblW",,,#Money #Demonitisation #javedjamilarticles #javedjamil,"796369863979728896",https://twitter.com/drjavedjamil/status/796369863979728896
jeelanikash,2016-11-09 20:40,0,1,"Shredded notes recovered post #Demonitisation #Rs500Rs1000Banned https:// twitter.com/Krittivasm/sta tus/796347090603372544 …",,,#Demonitisation #Rs500Rs1000Banned,"796369485422673920",https://twitter.com/jeelanikash/status/796369485422673920
AskSanwar,2016-11-09 20:38,29,18,"Hospital Management Deny To Handover Corpes Body To Family Of Deceased Because of #CashlessEconomy Bullshit of @PMOIndia #Demonitisation pic.twitter.com/Gg8VH7zaLB",,@PMOIndia,#CashlessEconomy #Demonitisation,"796368997910478849",https://twitter.com/AskSanwar/status/796368997910478849
indipoll,2016-11-09 20:38,0,0,"@dingusfreak this will come out when there's a resale, no more 80 white and 20 black #Demonitisation",,@dingusfreak,#Demonitisation,"796368853936865284",https://twitter.com/indipoll/status/796368853936865284
BigflixOfficial,2016-11-09 20:36,2,2,"Salute to the decision of Indian Government to curb #Blackmoney and #Corruption ! #ModiFightsCorruption #DeMonitisation #GoodByeBlackMoney pic.twitter.com/CdoQVLREKR",,,#Blackmoney #Corruption #ModiFightsCorruption #DeMonitisation #GoodByeBlackMoney,"796368477908934656",https://twitter.com/BigflixOfficial/status/796368477908934656
Gajen72,2016-11-09 20:32,0,0,". @arunjaitley ATM से 400 रुपये निकालने का चार्ज 24.72? क्यों भाई, तैयारी आपकी नहीं और भुगते आम आदमी? #Demonitisation",,@arunjaitley,#Demonitisation,"796367246771654656",https://twitter.com/Gajen72/status/796367246771654656
ReddyDurga1724,2016-11-09 20:31,0,0,"nobody taking 500 s in petrol bunks and medical shops inspite of prime minister statement .india against india #Demonitisation",,,#Demonitisation,"796367030299475968",https://twitter.com/ReddyDurga1724/status/796367030299475968
ShilpaShettyC,2016-11-09 20:28,0,0,"Here's what you can do with your Rs 500, Rs 1000 notes http:// toi.in/mCzDlY/a18cg #Demonitisation",,,#Demonitisation,"796366260749606912",https://twitter.com/ShilpaShettyC/status/796366260749606912
bam_bree,2016-11-09 20:24,0,0,"@narendramodi177 this is awesome.hoping for a great change in the future.Respect towards you Sir.thanks for the hard work. #Demonitisation",,@narendramodi177,#Demonitisation,"796365452192710659",https://twitter.com/bam_bree/status/796365452192710659
SKPGroup,2016-11-09 20:24,3,0,"The #DeMonitisation of 500 and 1000 rupee notes will have a three-fold impact on the Indian economy #India pic.twitter.com/4waoAdmoMh",,,#DeMonitisation #India,"796365255907516417",https://twitter.com/SKPGroup/status/796365255907516417
ListUpNow,2016-11-09 20:22,0,2,"The banks will remain open on Saturday and Sunday for public convenience. #Demonitisation #Rs500andRs1000 http://www. newsnation.in/article/150507 -currency-demonetisation-banks-to-remain-open-for-public-on-november-12-and-13.html?IND …",,,#Demonitisation #Rs500andRs1000,"796364935932452864",https://twitter.com/ListUpNow/status/796364935932452864
GehlawatSid,2016-11-09 20:20,2,2,"It's working, proof is here( @ArvindKejriwal ) #Demonitisation #GoCashFreeWithSnapdeal #WarAgainstDirtyCash http://www. ndtv.com/india-news/sac ks-full-of-burnt-500-and-1-000-rupee-notes-in-uttar-pradesh-1623440?via=whatsapp …",,@ArvindKejriwal,#Demonitisation #GoCashFreeWithSnapdeal #WarAgainstDirtyCash,"796364387527393280",https://twitter.com/GehlawatSid/status/796364387527393280
pawanfbjoshi,2016-11-09 20:20,0,0,"US 9/11 :wrld trde cntr dstryd: destructive terrorism Indn 9/11:blck mny dstryd: constructive terrorism 9/11 means तोड़ फोड़ #Demonitisation",,,#Demonitisation,"796364351473074176",https://twitter.com/pawanfbjoshi/status/796364351473074176
NagendraNathT,2016-11-09 20:17,1,0,"कालाधन से छुटकारा पाने की विधि तो हमे 8वीं कक्षा से पढाई जा रही है #Demonitisation पर पढे लिखे @OfficeOfRG @rssurjewala समझ नही पा रहे https:// twitter.com/Vnand01/status /796354395038330880 …",,@OfficeOfRG @rssurjewala,#Demonitisation,"796363694863065088",https://twitter.com/NagendraNathT/status/796363694863065088
Gajen72,2016-11-09 20:16,0,0,"#Demonitisation cud have been done this way http:// ln.is/indianexpress. com/ar/UfrvL …",,,#Demonitisation,"796363274757476352",https://twitter.com/Gajen72/status/796363274757476352
krdatla,2016-11-09 20:03,1,2,"A good series to understand effects of #Demonitisation of present 500, 1000 notes... https:// twitter.com/alok_bhatt/sta tus/796355827024084992 …",,,#Demonitisation,"796360081256239104",https://twitter.com/krdatla/status/796360081256239104
vivek_singh29,2016-11-09 20:03,0,1,"Bkl Aaloo kahan gayab hai aaj? Haramjaade ka ek bhi tweet nahi aaya abhi tak #Demonitisation pe @INCIndia @AamAadmiParty @ArvindKejriwal",,@INCIndia @AamAadmiParty @ArvindKejriwal,#Demonitisation,"796360039631962112",https://twitter.com/vivek_singh29/status/796360039631962112
Suri_Sing,2016-11-09 19:57,3,3,"If 2000 note is coming, it's not #Demonitisation . Its just replacement of old currency with new notes !!!",,,#Demonitisation,"796358598875975680",https://twitter.com/Suri_Sing/status/796358598875975680
rajeevsonline,2016-11-09 19:55,0,0,"Modi's #Demonitisation is going to be as effective in controlling black money and terrorism as #Kejriwal 's... http:// fb.me/1EaaSqe1f",,,#Demonitisation #Kejriwal,"796358121321021440",https://twitter.com/rajeevsonline/status/796358121321021440
an_a_nd,2016-11-09 19:53,0,1,"The #Demonitisation GYANDUS is what they should be called. @Kumar_Ke5hav",,@Kumar_Ke5hav,#Demonitisation,"796357571640631296",https://twitter.com/an_a_nd/status/796357571640631296
AbhishekGosav12,2016-11-09 19:52,0,0,"#Demonitisation will clearly be a punch in the face of counterfeits https:// twitter.com/TarekFatah/sta tus/796308623555252224 …",,,#Demonitisation,"796357358863532033",https://twitter.com/AbhishekGosav12/status/796357358863532033
shaikhismail82,2016-11-09 19:51,0,1,"Do read this tread to know the actual Impact of #Demonitisation to the poor and people in rural places https:// twitter.com/shivsunny/stat us/796237807148642304 …",,,#Demonitisation,"796356978230575105",https://twitter.com/shaikhismail82/status/796356978230575105
Gajen72,2016-11-09 19:50,0,0,"#Demonitisation will hurt farmers in big. Attempt to crash their property rates & make them give land to industrialists at throw away rates",,,#Demonitisation,"796356701305745408",https://twitter.com/Gajen72/status/796356701305745408
RisingSurbhi,2016-11-09 19:49,0,4,"#Demonitisation . of currency notes in India. To kill a snake with a stick in a house, Indian government uses a... http:// fb.me/86vd5efhk",,,#Demonitisation,"796356584570056708",https://twitter.com/RisingSurbhi/status/796356584570056708
PoonamGaregrat,2016-11-09 19:48,0,0,"#Demonitisation 2wipe off #BlackMoney circulating in India.Nw await action against those who hav stashed it abroad #NarendraModi #proud",,,#Demonitisation #BlackMoney #NarendraModi #proud,"796356260966735872",https://twitter.com/PoonamGaregrat/status/796356260966735872
20malli99,2016-11-09 19:43,0,0,"past:Rs1000 = 2*500 (easy sometimes for a shopkeeper) Present:Rs2000=4*500(tough to get change for bigger notes) #RIPRs1000 #Demonitisation",,,#RIPRs1000 #Demonitisation,"796355029934276608",https://twitter.com/20malli99/status/796355029934276608
randomBlog92,2016-11-09 19:43,0,0,"after all, childhood lessons which were thought to be obsolete are actually Eternal. "honesty is the best policy" #DeMonitisation",,,#DeMonitisation,"796354992693051392",https://twitter.com/randomBlog92/status/796354992693051392
yaps9,2016-11-09 19:36,2,3,"Wait .. it was @yogrishiramdev s idea.. He has pinned this tweet as well.. @ikaveri @Swamy39 @DelhiDean #Demonitisation pic.twitter.com/kTxwBuSBqu",,@yogrishiramdev @ikaveri @Swamy39 @DelhiDean,#Demonitisation,"796353234549886976",https://twitter.com/yaps9/status/796353234549886976
parimmalksinha,2016-11-09 19:35,1,2,"बीमार पर पड़ी मार, दवाई दुकानदार का इनकार! Pharmacy no to #rs500 & rs1000 #BlackMoney #Demonitisation pic.twitter.com/d7j5BGyDYV",,,#rs500 #BlackMoney #Demonitisation,"796352990118641664",https://twitter.com/parimmalksinha/status/796352990118641664
author_pdd1,2016-11-09 19:35,0,1,"I used to live in a country with corruption but now i am living in a country with hope. #Demonitisation @PMOIndia @narendramodi",,@PMOIndia @narendramodi,#Demonitisation,"796352914792980480",https://twitter.com/author_pdd1/status/796352914792980480
LogiNext,2016-11-09 19:30,2,5,""It is high time that small and large vendors skip the dependency on cash transactions" - @LogiNext @BwDisrupt #Demonitisation #Currency https:// twitter.com/BwDisrupt/stat us/796340480325787648 …",,@LogiNext @BwDisrupt,#Demonitisation #Currency,"796351693021556736",https://twitter.com/LogiNext/status/796351693021556736
vishnuthestar,2016-11-09 19:26,0,0,"@sanjeevmanan19 #Demonitisation so all congressmen believe there is no black money or fakr note in india.",,@sanjeevmanan19,#Demonitisation,"796350816567361537",https://twitter.com/vishnuthestar/status/796350816567361537
HomePunch,2016-11-09 19:21,0,1,"PM @narendramodi has given a directive for #demonitisation of ₹500 & ₹1000 to curb the menace of black money and fight against corruption. pic.twitter.com/9CN2nSz1LW",,@narendramodi,#demonitisation,"796349596494536704",https://twitter.com/HomePunch/status/796349596494536704
GehlawatSid,2016-11-09 19:07,8,1,"Banks to remain open for public on Saturday, Nov 12 and Sunday, Nov 13: RBI #Demonitisation #HistoricalStepOfModi",,,#Demonitisation #HistoricalStepOfModi,"796345976344707072",https://twitter.com/GehlawatSid/status/796345976344707072
ScrewedbyState,2016-11-09 19:04,1,1,"In the the Absurd States of Modia- https:// twitter.com/iitian_kshitij /status/796334576524087296 … While already suffering genuine travellers will suffer more #Demonitisation",,,#Demonitisation,"796345101685395456",https://twitter.com/ScrewedbyState/status/796345101685395456
jamshedihrpc,2016-11-09 19:01,0,0,"#Demonitisation के श्री नरेंद्र मोदी जी के ऐतिहासिक फैसले का स्वागत करते हैं इस से काले धन एवं आतंकवाद पर रोक लगेगी.!!",,,#Demonitisation,"796344558401429504",https://twitter.com/jamshedihrpc/status/796344558401429504
shantilalhajeri,2016-11-09 18:59,1,0,"Even if there is some inconvenience to ordinary people, they should support #Demonitisation of high value notes in larger interest of nation",,,#Demonitisation,"796344034025275392",https://twitter.com/shantilalhajeri/status/796344034025275392
Ra_THORe,2016-11-09 18:59,33,75,"#IndiaFightsCorruption Watch @arunjaitley ji's Press Conference on #Demonitisation of Rs #500 & #1000 notes https://www. youtube.com/watch?v=ahpSjK myT9M …",,@arunjaitley,#IndiaFightsCorruption #Demonitisation #500 #1000,"796344021023014912",https://twitter.com/Ra_THORe/status/796344021023014912
meShivamMathur,2016-11-09 18:57,0,0,"Yesterday jewellery stock in Jaipur sold like hotcakes. In 3-4 hours there was record sales. #BlackMoney #Demonitisation",,,#BlackMoney #Demonitisation,"796343542251720704",https://twitter.com/meShivamMathur/status/796343542251720704
yaps9,2016-11-09 18:51,0,1,"To purchase gold?? #Demonitisation https:// twitter.com/indianexpress/ status/796311501069897728 …",,,#Demonitisation,"796341905344712704",https://twitter.com/yaps9/status/796341905344712704
RathishKunnath,2016-11-09 18:50,0,0,"#Demonitisation or #PresidentElectTrump - First one socio-economic, second one purely social. Governments beating industries in innovation.",,,#Demonitisation #PresidentElectTrump,"796341695868702720",https://twitter.com/RathishKunnath/status/796341695868702720
scsndp,2016-11-09 18:49,0,0,"Pahle 1000 rs mein rishwat dete the ab 2000 mein do #Demonitisation",,,#Demonitisation,"796341521888837632",https://twitter.com/scsndp/status/796341521888837632
rnapoint,2016-11-09 18:47,0,0,"Rs 500-1,000 notes ban, JAM trinity, overseas haul:How PM Modi is winning the war against graft Read: http:// rnapoint.com/NewsExpressVie w.aspx?NEID=102 … #Demonitisation pic.twitter.com/p8rXktdgg2",,,#Demonitisation,"796341034972106752",https://twitter.com/rnapoint/status/796341034972106752
DosiView,2016-11-09 18:46,0,0,"Historic Day, be it American Election #PresidentTrump , #Demonitisation , Stock Markets Perfect title for day #AajKuchToofaniKarteHain pic.twitter.com/9VvfM5NAFq",,,#PresidentTrump #Demonitisation #AajKuchToofaniKarteHain,"796340757095452672",https://twitter.com/DosiView/status/796340757095452672
iTapanz,2016-11-09 18:38,0,0,"#exchange time get ur chance.. #demonitisation https:// twitter.com/DDNewsLive/sta tus/796333982942011392 …",,,#exchange #demonitisation,"796338687864762368",https://twitter.com/iTapanz/status/796338687864762368
ShwetaSenK,2016-11-09 18:37,0,0,"Excited about the 500 and 1000 rupee note memes. #Demonitisation #Memes",,,#Demonitisation #Memes,"796338353700360192",https://twitter.com/ShwetaSenK/status/796338353700360192
70kha,2016-11-09 18:34,3,1,"read this thread to understand what #Demonitisation means to those who are the working poor & perhaps not part of the 'digital' markets. https:// twitter.com/shivsunny/stat us/796237807148642304 …",,,#Demonitisation,"796337776224370688",https://twitter.com/70kha/status/796337776224370688
SummerMerin,2016-11-09 18:34,0,0,"#Demonitisation https:// twitter.com/SummerMerin/st atus/796336614637064192 …",,,#Demonitisation,"796337632846319616",https://twitter.com/SummerMerin/status/796337632846319616
ivak99,2016-11-09 18:32,0,0,"@DDNewsLive @MVenkaiahNaidu @YouTube oh! Will the decision on #Demonitisation be overturned tomorrow? #NDTVBanRollBack",,@DDNewsLive @MVenkaiahNaidu @YouTube,#Demonitisation #NDTVBanRollBack,"796337280721899520",https://twitter.com/ivak99/status/796337280721899520
DesiDrums,2016-11-09 18:32,0,0,"ppl gave interest free cash loans 2 poor in rural areas 2day #Demonitisation useless as loan would be returned in new currency #BlackMoney",,,#Demonitisation #BlackMoney,"796337249172369413",https://twitter.com/DesiDrums/status/796337249172369413
ImVishalDubey,2016-11-09 18:32,0,0,"@TimesNow now thats the dumbest statement any person in this universe can ever make on this action!! #Demonitisation #BlackMoney",,@TimesNow,#Demonitisation #BlackMoney,"796337092347371520",https://twitter.com/ImVishalDubey/status/796337092347371520
MNileshwar,2016-11-09 18:26,0,0,"Those who didnt take Modi's threat in Sept seriously incldg some CAs are literally shocked. Some clients r blaming CAs 4/n #Demonitisation",,,#Demonitisation,"796335656699990016",https://twitter.com/MNileshwar/status/796335656699990016
Kalingatv24x7,2016-11-09 18:24,0,0,"#Demonitisation : Banks to remain opened this Saturday & Sunday, announces RBI",,,#Demonitisation,"796335260078342144",https://twitter.com/Kalingatv24x7/status/796335260078342144
ikshula,2016-11-09 18:24,0,0,"A woman veg. seller who usually manages to sell all of what she gets by noon, went back home with everything today. #Demonitisation",,,#Demonitisation,"796335235994513409",https://twitter.com/ikshula/status/796335235994513409
arsuno,2016-11-09 18:19,0,0,"#Demonitisation . Let us all lend a helping hand to the those who are unable to handle this change pic.twitter.com/CmAOGJVImg",,,#Demonitisation,"796333879003148288",https://twitter.com/arsuno/status/796333879003148288
kjshikhar,2016-11-09 18:18,0,0,"I have two bank accounts that are empty. Let me know if anybody needs a favour. You're welcome. #Demonitisation",,,#Demonitisation,"796333720240156672",https://twitter.com/kjshikhar/status/796333720240156672
AC_shekhar,2016-11-09 18:12,0,1,"#ModiFightsCorruption #Demonitisation pic.twitter.com/uXsDo8mg4S",,,#ModiFightsCorruption #Demonitisation,"796332056531714048",https://twitter.com/AC_shekhar/status/796332056531714048
rrgehani,2016-11-09 18:07,1,1,"@ArvindKejriwal oey Nautanki what is your opinion about #Demonitisation and #ModiFightsCorruption इतना सन्नाटा क्यों है भाई?",,@ArvindKejriwal,#Demonitisation #ModiFightsCorruption,"796330904075407360",https://twitter.com/rrgehani/status/796330904075407360
PanoramaMovies,2016-11-09 18:00,1,6,"One more step in the favour of the country and against corruption and black money. #DeMonitisation pic.twitter.com/2XnsUuy5U8",,,#DeMonitisation,"796329161816084480",https://twitter.com/PanoramaMovies/status/796329161816084480
mybajajcapital,2016-11-09 17:52,1,3,"The #DeMonitisation move can be a tricky situation for #NRIs as well. Get your answers here - http://www. livemint.com/Money/ynODiFas hmseC18XpDlo3N/What-can-NRIs-do-with-their-old-Rs500-Rs1000-notes.html …",,,#DeMonitisation #NRIs,"796326981117673472",https://twitter.com/mybajajcapital/status/796326981117673472
70kha,2016-11-09 17:47,2,3,"Professor Prabhat Patnaik reputed economist & scholar on the #Demonitisation http://www. thecitizen.in/index.php/News Detail/index/1/9153/Demonetization-Witless-and-Anti-People …",,,#Demonitisation,"796325864921178112",https://twitter.com/70kha/status/796325864921178112
Nishant1404,2016-11-09 17:47,0,0,"#election2016 #Demonitisation https:// twitter.com/NipponData/sta tus/796319631254265856 …",,,#election2016 #Demonitisation,"796325818213351424",https://twitter.com/Nishant1404/status/796325818213351424
TrendsmapIndia,2016-11-09 17:39,0,2,"#demonitisation is now trending in India https://www. trendsmap.com/local/india",,,#demonitisation,"796323785028702208",https://twitter.com/TrendsmapIndia/status/796323785028702208
LiveHappay,2016-11-09 17:37,2,2,"2/5 Fact on #Demonitisation Banks and post offices to replace 2300 CRORE banknotes in 50 days. #Blackmoneysurgicalstrike",,,#Demonitisation #Blackmoneysurgicalstrike,"796323442370850817",https://twitter.com/LiveHappay/status/796323442370850817
kjshikhar,2016-11-09 17:37,0,0,"Thank you Mr Piggy for saving me again <3 #Demonitisation pic.twitter.com/s5v0WdKK28",,,#Demonitisation,"796323248308764672",https://twitter.com/kjshikhar/status/796323248308764672
rohanghalla,2016-11-09 17:32,0,3,"#Demonitisation is like passing the parcel. The same cash rotates. loser is who held the parcel when the music stopped yesterday. #NaMoRocks",,,#Demonitisation #NaMoRocks,"796322147534675968",https://twitter.com/rohanghalla/status/796322147534675968
Easebuzz,2016-11-09 17:28,1,0,"In all the difficult times, we are there by your side. #StartBuzzing with #Easebuzz #PaymentGateway #DeMonitisation pic.twitter.com/c6HHuCj9FO",,,#StartBuzzing #Easebuzz #PaymentGateway #DeMonitisation,"796321123965112320",https://twitter.com/Easebuzz/status/796321123965112320
minalrh,2016-11-09 17:26,0,0,"Is Modi trying to be Sher Shah Sur? #question #Demonitisation",,,#question #Demonitisation,"796320567527763968",https://twitter.com/minalrh/status/796320567527763968
kailashwg,2016-11-09 17:23,5,1,"@ShashiTharoor @OfficeOfRG @MamataOfficial @ArvindKejriwal @digvijaya_28 @AamAadmiParty you support #Demonitisation ₹.500/- ₹.1000/- notes?",,@ShashiTharoor @OfficeOfRG @MamataOfficial @ArvindKejriwal @digvijaya_28 @AamAadmiParty,#Demonitisation,"796319772388499456",https://twitter.com/kailashwg/status/796319772388499456
MadrasMemoirs,2016-11-09 17:18,2,0,"One excellent compilation of Problems faced by common people coz of #Demonitisation #Rs500Rs1000 https:// twitter.com/shivsunny/stat us/796237807148642304 …",,,#Demonitisation #Rs500Rs1000,"796318532644409344",https://twitter.com/MadrasMemoirs/status/796318532644409344
927BIGFM,2016-11-09 17:14,4,6,"A quick action for smooth execution of #Demonitisation #Rs500andRs1000 notes. https:// twitter.com/nitin_gadkari/ status/796304081786585088 …",,,#Demonitisation #Rs500andRs1000,"796317512879083520",https://twitter.com/927BIGFM/status/796317512879083520
mahatosius,2016-11-09 17:12,1,2,"हंगामा है क्यूँ बरपा मोदी ने बस नॉट ही तो बदले हैं कहीं आपने डाका तो नहीं डाला, चोरी तो नहीं की है #ModiFightsCorruption #Demonitisation",,,#ModiFightsCorruption #Demonitisation,"796317057646149632",https://twitter.com/mahatosius/status/796317057646149632
Amsdatta,2016-11-09 17:04,0,1,"#blackmoney #Demonitisation no special consideration from bank on working hours tomorrow and will remain closed for 2nd Saturday and Monday!",,,#blackmoney #Demonitisation,"796314920652443648",https://twitter.com/Amsdatta/status/796314920652443648
KhopdiKay,2016-11-09 16:49,0,0,"Close enuff ??? #ElectionDay #Demonitisation #Trump pic.twitter.com/jgLWOQt4fP",,,#ElectionDay #Demonitisation #Trump,"796311198526382080",https://twitter.com/KhopdiKay/status/796311198526382080
PIB_India,2016-11-09 16:45,81,27,"LIVE: This decision will change the way people spend and keep their money: @arunjaitley on #Demonitisation pic.twitter.com/2hkfed5phe",,@arunjaitley,#Demonitisation,"796310336261369856",https://twitter.com/PIB_India/status/796310336261369856
theDDixit,2016-11-09 16:45,0,0,"A new chain may start, poor people who have small savings(2-10K) may give money to local money lenders. Savings at risk. #Demonitisation",,,#Demonitisation,"796310270406627328",https://twitter.com/theDDixit/status/796310270406627328
mukhiasudeep,2016-11-09 16:43,2,0,"Unintended consequence of #Demonitisation >> https:// twitter.com/dgupta_moushum i/status/796307037156044802 …",,,#Demonitisation,"796309787545698304",https://twitter.com/mukhiasudeep/status/796309787545698304
rrgehani,2016-11-09 16:40,13,13,"#ModiFightsCorruption I am only afraid that opposition & media may provoke some poor farmers to commit suicide & blame Modi #Demonitisation",,,#ModiFightsCorruption #Demonitisation,"796309000191021056",https://twitter.com/rrgehani/status/796309000191021056
being_delhite,2016-11-09 16:36,1,0,"P Chidambaram at least Spoke on #Demonitisation Bechara @ArvindKejriwal is so Stunned that he cud do are few RTs of Commies & Modi Haters",,@ArvindKejriwal,#Demonitisation,"796308079075672064",https://twitter.com/being_delhite/status/796308079075672064
lopamohanty,2016-11-09 16:34,0,1,"@ashscribe best one on #Demonitisation",,@ashscribe,#Demonitisation,"796307364584357888",https://twitter.com/lopamohanty/status/796307364584357888
gloliter,2016-11-09 16:26,0,0,"@AamAadmiParty and @ArvindKejriwal are unusually quiet on the #currency #demonitisation ..would like to hear their viewpoint on this..",,@AamAadmiParty @ArvindKejriwal,#currency #demonitisation,"796305354145398784",https://twitter.com/gloliter/status/796305354145398784
StopForSteffy,2016-11-09 16:25,0,1,"All those who question govt's #Demonitisation saying it's with an eye on UP polls are actually complimenting govt. #IndiaFightsCorruption",,,#Demonitisation #IndiaFightsCorruption,"796305304002629633",https://twitter.com/StopForSteffy/status/796305304002629633
sudeepbose,2016-11-09 16:17,0,0,"It failed bcos #Demonitisation secret was leaked out well in advance and that failed the Govt. action . #ModiFightsCorruption #BlackMoney https:// twitter.com/ANI_news/statu s/796294533835169796 …",,,#Demonitisation #ModiFightsCorruption #BlackMoney,"796303200089276416",https://twitter.com/sudeepbose/status/796303200089276416
krdatla,2016-11-09 16:16,0,0,"#Demonitisation happened twice in Independent India. 1978 by JP govt led by a PM from Guj and RBI Gov from Guj. History Repeated in 2016!!",,,#Demonitisation,"796303006039838720",https://twitter.com/krdatla/status/796303006039838720
kapil_sha,2016-11-09 16:11,0,0,"Did the Atlas Shrug today? #PresidentTrump #Demonitisation",,,#PresidentTrump #Demonitisation,"796301654501031936",https://twitter.com/kapil_sha/status/796301654501031936
finance_agent,2016-11-09 15:26,0,0,"&#039;People who have bags full of black money, all that will be out now&#039; #demonitisation https:// dragplus.com/post/id/384947 31 …",,,#039 #039 #demonitisation,"796290296703229953",https://twitter.com/finance_agent/status/796290296703229953
rohini_mohan,2016-11-09 15:23,72,38,"Excellent thread on the complexities of #Demonitisation https:// twitter.com/shivsunny/stat us/796241892459454464 …",,,#Demonitisation,"796289669503692800",https://twitter.com/rohini_mohan/status/796289669503692800
Swami_843,2016-11-09 15:20,0,1,"So, does it hurt you or your constituency? Criticism is a chronic disease with some Indians. #Demonitisation https:// twitter.com/asadowaisi/sta tus/796272812168069121 …",,,#Demonitisation,"796288945650733056",https://twitter.com/Swami_843/status/796288945650733056
geetaseshu,2016-11-09 15:20,1,2,"great work by @DalitCamera on #Demonitisation effects on working class but let's hear more womens' voices too! https:// twitter.com/shivsunny/stat us/796272142530686978 …",,@DalitCamera,#Demonitisation,"796288917364314112",https://twitter.com/geetaseshu/status/796288917364314112
hijamTOI,2016-11-09 15:14,0,0,"Now that America is #Trumped Let's get into the issue that matters for us - #Demonitisation of 500 & 1000 notes #currencyban explained >> https:// twitter.com/firstpost/stat us/796187863343730689 …",,,#Trumped #Demonitisation #currencyban,"796287227324080128",https://twitter.com/hijamTOI/status/796287227324080128
kuriabraham1963,2016-11-09 15:08,0,0,"Our #PM isn't called #Fekuji for nothing! ;+) #2000NoteJumla #GappuCircus #Jumlebaaz #Demonitisation http:// m.huffingtonpost.in/2016/11/09/no- there-is-no-gps-tracker-in-the-new-2-000-note/?ncid=fcbklnkinhpmg00000001 …",,,#PM #Fekuji #2000NoteJumla #GappuCircus #Jumlebaaz #Demonitisation,"796285945020456960",https://twitter.com/kuriabraham1963/status/796285945020456960
Niyati147,2016-11-09 14:58,0,3,"Prof Prabhat Patnaik writes about demonetisation. Interesting read. #BlackMoney #Demonitisation http://www. thecitizen.in/index.php/News Detail/index/1/9151/Demonetization-Witless-and-Anti-People …",,,#BlackMoney #Demonitisation,"796283345621528576",https://twitter.com/Niyati147/status/796283345621528576
Arundhati_05,2016-11-09 14:51,0,0,"To take or not to take Rs 500 and Rs 1000 notes? Medical shops in dilemma. http://www. thenewsminute.com/article/medica l-shops-dilemma-take-or-not-take-rs-500-and-1000-notes-52622 … #BlackMoney #Demonitisation #Pharmacare https:// twitter.com/thenewsminute/ status/796261396023414784 …",,,#BlackMoney #Demonitisation #Pharmacare,"796281634001534976",https://twitter.com/Arundhati_05/status/796281634001534976
simplyVikrant,2016-11-09 14:50,0,0,"Trump won still Modi trumped him #USElection2016 #Demonitisation #Rs500andRs1000 #aajtak #zeenews #google#Google #NewsTonight",,,#USElection2016 #Demonitisation #Rs500andRs1000 #aajtak #zeenews #google #Google #NewsTonight,"796281368862924800",https://twitter.com/simplyVikrant/status/796281368862924800
SEOC_Karnataka,2016-11-09 14:38,1,4,"#Demonitisation #currencyswitch Kindly RT, old Rs.500 and Rs.1000 notes accepted in including metro stations @KarnatakaVarthe @GOKUpdates https:// twitter.com/DasShaktikanta /status/796266674122932224 …",,@KarnatakaVarthe @GOKUpdates,#Demonitisation #currencyswitch,"796278278470311936",https://twitter.com/SEOC_Karnataka/status/796278278470311936
ashokepandit,2016-11-09 14:37,42,96,"One has to be atleast a graduate or has to take tuition from some body to understand #Demonitisation https:// twitter.com/timesnow/statu s/796276857641594881 …",,,#Demonitisation,"796277985749897216",https://twitter.com/ashokepandit/status/796277985749897216
BadhwarLalit,2016-11-09 14:28,0,0,"#Demonitisation Modi action welcome but but petrolpumps exploiting it not returning the cash change.typical mentality 2 cheat at 1st chance.",,,#Demonitisation,"796275669869076481",https://twitter.com/BadhwarLalit/status/796275669869076481
akhileshsharma1,2016-11-09 14:19,3,23,"Oh God!! How things have changed in the last few hours!! #PresidentTrump #Demonitisation",,,#PresidentTrump #Demonitisation,"796273466966016000",https://twitter.com/akhileshsharma1/status/796273466966016000
smritikak,2016-11-09 14:16,8,9,"If #Trump and #Demonitisation weren't making news, #TheresaMay 's sari would have been trending, no. https:// twitter.com/Number10gov/st atus/795995596872155137 …",,,#Trump #Demonitisation #TheresaMay,"796272821231943680",https://twitter.com/smritikak/status/796272821231943680
ishareef639,2016-11-09 14:00,0,4,"#Demonitisation Need to track Land registrations, bulk transactions that have happened recently. For sure some insiders were aware.",,,#Demonitisation,"796268775658188800",https://twitter.com/ishareef639/status/796268775658188800
Rajvivekfet,2016-11-09 13:50,0,0,"how market will be act????....desperate to watch #trump #Demonitisation",,,#trump #Demonitisation,"796266314432188417",https://twitter.com/Rajvivekfet/status/796266314432188417
BeingEeshta,2016-11-09 13:46,0,1,"White days ahead in US and India. #USelections and #Demonitisation @realDonaldTrump @narendramodi",,@realDonaldTrump @narendramodi,#USelections #Demonitisation,"796265167679934464",https://twitter.com/BeingEeshta/status/796265167679934464
pragsszz,2016-11-09 13:19,0,1,"With all of this happening around in world, the end is not too far. #dissapointing #Demonitisation #whytrump",,,#dissapointing #Demonitisation #whytrump,"796258432072314880",https://twitter.com/pragsszz/status/796258432072314880
Wrricha,2016-11-09 13:08,0,0,"@PMOIndia @indiantweeter ya to Sabka Hoga ya Kisi ka nahi Hoga #BlackMoney #crackdown #Demonitisation",,@PMOIndia @indiantweeter,#BlackMoney #crackdown #Demonitisation,"796255730026168320",https://twitter.com/Wrricha/status/796255730026168320
knewsnviews,2016-11-09 13:00,0,0,"@dna #blackmoney #demonitisation this will nt solve Ind's prob of black money,must reduce taxes,stamp duties,party funds n cause of bl money",,@dna,#blackmoney #demonitisation,"796253697005260800",https://twitter.com/knewsnviews/status/796253697005260800
knewsnviews,2016-11-09 12:57,1,1,"@PTI_News #demonitisation no tax payer is worried, nor r the politicians worried,all have their loop holes for laundering their 500/1000's",,@PTI_News,#demonitisation,"796252889471651841",https://twitter.com/knewsnviews/status/796252889471651841
PTI_News,2016-11-09 12:53,65,105,"A bold, innovative move. Honest tax payers have nothing to worry about: Soli Sorabjee on #demonitisation of higher-denominatin #notes .",,,#demonitisation #notes,"796251731394863104",https://twitter.com/PTI_News/status/796251731394863104
amitgupta0310,2016-11-09 12:48,11,20,"Surgical Strike announcement on Sept expiry and #Demonitisation scheme on US election day. @narendramodi has started trading equity mkts? :)",,@narendramodi,#Demonitisation,"796250598026842112",https://twitter.com/amitgupta0310/status/796250598026842112
Seoul_Ki_Soul,2016-11-09 12:20,0,0,"@Paytm Is having multiple orgasms right now! #Demonitisation #BlackMoney #IndiaFightsCorruption #ModiFightsCorruption #inr500 Credits:FB",,@Paytm,#Demonitisation #BlackMoney #IndiaFightsCorruption #ModiFightsCorruption #inr500,"796243571690991616",https://twitter.com/Seoul_Ki_Soul/status/796243571690991616
3_TEJ0,2016-11-09 12:17,0,0,"Children empowerment day "Mere paas #Gullak hain" #BlackMoney #Demonitisation #india",,,#Gullak #BlackMoney #Demonitisation #india,"796242904033280000",https://twitter.com/3_TEJ0/status/796242904033280000
Seoul_Ki_Soul,2016-11-09 12:17,0,1,"@dominos and @DunkinDonuts sending mesgs to buy Burgers and pizzas through credit/Debit cards #Demonitisation",,@dominos @DunkinDonuts,#Demonitisation,"796242804154302465",https://twitter.com/Seoul_Ki_Soul/status/796242804154302465
spectoons,2016-11-09 12:15,2,1,"My #Spectoons on the #Demonitisation by @narendramodi Govt ! Hats Off to this bold decision, #cartoon #indiancurrency #IndiaFightsCorruption pic.twitter.com/9ULEb7npM6",,@narendramodi,#Spectoons #Demonitisation #cartoon #indiancurrency #IndiaFightsCorruption,"796242344009793536",https://twitter.com/spectoons/status/796242344009793536
kailashwg,2016-11-09 12:15,3,1,"PM hit many targets by #Demonitisation of ₹.500/- ₹.1000/-! 1) Black Money.2) Black Money & its election funding,3) corruption & traffcking https:// twitter.com/indiatodayflas h/status/796241550749540352 …",,,#Demonitisation,"796242323176902656",https://twitter.com/kailashwg/status/796242323176902656
MandeepBajwa,2016-11-09 12:14,1,0,"#demonitisation : And prices crash leading to easier corporate buying. What the aborted land acquisition bill couldn't achieve.",,,#demonitisation,"796242111225937920",https://twitter.com/MandeepBajwa/status/796242111225937920
radhe02,2016-11-09 12:11,2,1,"Winning UP is gonna be cake walk for BJP now 'coz only BJP will have money to distribute and not others as only BJP knew abt #Demonitisation",,,#Demonitisation,"796241203859628033",https://twitter.com/radhe02/status/796241203859628033
manishkinhikar,2016-11-09 11:59,0,0,"@MandeepBajwa those who will be hit hardest are Doctors Lawyers Pvt Tutorials corrupt Govt servants Politicians Pol parties #Demonitisation",,@MandeepBajwa,#Demonitisation,"796238326202142720",https://twitter.com/manishkinhikar/status/796238326202142720
MandeepBajwa,2016-11-09 11:54,0,0,"#demonitisation : Small traders depending on cash transactions will be hit hard.",,,#demonitisation,"796237074869297156",https://twitter.com/MandeepBajwa/status/796237074869297156
rajeevsonline,2016-11-09 11:51,0,1,"#DEMONITISATION Puzzle no:- 6:- Wont making gold and real estate illegal, be more impactful as these are bigger... http:// fb.me/W8lohv6t",,,#DEMONITISATION,"796236213912997888",https://twitter.com/rajeevsonline/status/796236213912997888
Seoul_Ki_Soul,2016-11-09 11:44,0,0,"Going to mother dairy with 5000 bucks and still no milk!!! #Demonitisation TV interviews are at it!! #ModiFightsCorruption",,,#Demonitisation #ModiFightsCorruption,"796234527295213569",https://twitter.com/Seoul_Ki_Soul/status/796234527295213569
Sanmit_Sarkar,2016-11-09 11:42,0,0,"My local chicken shop is closed and helpless. Who is going to compensate his daily loss? #Demonitisation",,,#Demonitisation,"796233962368602112",https://twitter.com/Sanmit_Sarkar/status/796233962368602112
Niyati147,2016-11-09 11:35,2,2,"Can we be cashless with 90 per cent of workers in informal sector? #Demonitisation",,,#Demonitisation,"796232124856614912",https://twitter.com/Niyati147/status/796232124856614912
Niyati147,2016-11-09 11:32,0,0,"FACT: RBI data shows that currency notes of 500 and 1000 denominations make up over 80 per cent of the money in circulation #Demonitisation",,,#Demonitisation,"796231532650168321",https://twitter.com/Niyati147/status/796231532650168321
Niyati147,2016-11-09 11:30,0,0,"Are 500 and 1000 denominations used for stocking undisclosed wealth and not for transactions? #Demonitisation #BlackMoneyGamechanger",,,#Demonitisation #BlackMoneyGamechanger,"796230969359351809",https://twitter.com/Niyati147/status/796230969359351809
niharikam_21,2016-11-09 11:17,4,8,"short term pain for long term gain by @narendramodi #BlackMoney #Demonitisation #ModiFightsCorruption",,@narendramodi,#BlackMoney #Demonitisation #ModiFightsCorruption,"796227810956193792",https://twitter.com/niharikam_21/status/796227810956193792
rajeevsonline,2016-11-09 11:06,0,0,"#DEMONITISATION puzzle no 5:- By removing the 500 and 1000 notes, isn't the govt breaking it's statutory promise... http:// fb.me/6pXfQfc3t",,,#DEMONITISATION,"796224992631472129",https://twitter.com/rajeevsonline/status/796224992631472129
iParamanand,2016-11-09 11:04,5,3,"From 9am i have briefed around 20 customers about #Demonitisation of 500/1000 notes & not to panic #IndiaFightsCorruption",,,#Demonitisation #IndiaFightsCorruption,"796224376446259201",https://twitter.com/iParamanand/status/796224376446259201
MandeepBajwa,2016-11-09 11:03,2,5,"#demonitisation : Bad news for farmers. Land prices are set to crash.",,,#demonitisation,"796224212851511296",https://twitter.com/MandeepBajwa/status/796224212851511296
ShubhamS329,2016-11-09 10:52,0,0,"Indian government had thought #Demonitisation on 9/11 will be compensate Stock market sentiments by #Hillay victory But it came out opposite",,,#Demonitisation #Hillay,"796221297562939395",https://twitter.com/ShubhamS329/status/796221297562939395
SandeepBhallaa,2016-11-09 10:39,0,0,"New look of currency notes: #Demonitisation pic.twitter.com/ruoDOnUIDF",,,#Demonitisation,"796218165780971521",https://twitter.com/SandeepBhallaa/status/796218165780971521
rajeevsonline,2016-11-09 10:39,0,0,"#DEMONITISATION puzzle no 3:- If eradicating denominations of currencies was a successful anti corruption... http:// fb.me/5xSAxZd1D",,,#DEMONITISATION,"796218061904891904",https://twitter.com/rajeevsonline/status/796218061904891904
rejashbob,2016-11-09 10:35,1,0,".. #NaMo dropped a nuclear bomb on #blackmoney .. #currencyban @ndtv @TimesNow @DrGarekar @CNNnews18 #Demonitisation",,@ndtv @TimesNow @DrGarekar @CNNnews18,#NaMo #blackmoney #currencyban #Demonitisation,"796217005242253313",https://twitter.com/rejashbob/status/796217005242253313
dipanjon,2016-11-09 10:25,0,0,"Modi ne India ko Hiladiya! Elsewhere, Hillary is getting Trumped! We are seeing Red everywhere! #Demonitisation #republican #Sensex",,,#Demonitisation #republican #Sensex,"796214635804229633",https://twitter.com/dipanjon/status/796214635804229633
siindia,2016-11-09 10:05,2,1,"Cash on deliveries to drop, digital money gets massive boost with #demonitisation http:// bit.ly/2fYQvSk @KaranChoudhury1",,@KaranChoudhury1,#demonitisation,"796209635162202113",https://twitter.com/siindia/status/796209635162202113
Swami_843,2016-11-09 09:43,0,1,"Wonder if they're using Namo technology. #Demonitisation https:// twitter.com/tajmahalfoxtro t/status/796194526280847361 …",,,#Demonitisation,"796203926949199873",https://twitter.com/Swami_843/status/796203926949199873
shyamds,2016-11-09 09:40,0,0,"Everywhere it's about 500₹ and 1000₹ #demonitisation . Incredibly bold!",,,#demonitisation,"796203167230722054",https://twitter.com/shyamds/status/796203167230722054
ravish_chawla,2016-11-09 09:13,0,0,"#ModiFightsCorruption #Demonitisation Definition says ppl won't be able to regenerate #BlackMoney pic.twitter.com/nw7jGaXZRf",,,#ModiFightsCorruption #Demonitisation #BlackMoney,"796196535960797185",https://twitter.com/ravish_chawla/status/796196535960797185
directorsarath,2016-11-09 09:13,0,3,"#Demonitisation #october8 New Independence day.",,,#Demonitisation #october8,"796196397200441348",https://twitter.com/directorsarath/status/796196397200441348
awake1975,2016-11-09 09:08,0,0,"@awake1975 @CNNnews18 @TimesNow @IndianExpress @ndtv @IndiaToday @timesofindia @the_hindu @htTweets @DC @BJP4India #Demonitisation ,Poor RG.2",,@awake1975 @CNNnews18 @TimesNow @IndianExpress @ndtv @IndiaToday @timesofindia @the_hindu @htTweets @DC @BJP4India,#Demonitisation,"796195107993063424",https://twitter.com/awake1975/status/796195107993063424
Swami_843,2016-11-09 09:07,1,0,"How come there's no quota for SC/ST/OBC/Minorities? #Demonitisation https:// twitter.com/PIB_India/stat us/796194143554809856 …",,,#Demonitisation,"796195075818602497",https://twitter.com/Swami_843/status/796195075818602497
hussain_thwalib,2016-11-09 09:04,1,3,"Respect to our PM @narendramodi for #Demonitisation . End to #Corruption . End to #BlackMoney . pic.twitter.com/pcBBzrsaEw",,@narendramodi,#Demonitisation #Corruption #BlackMoney,"796194278632464385",https://twitter.com/hussain_thwalib/status/796194278632464385
MaskeRajat,2016-11-09 08:50,0,0,"Toughest problems get simplest solutions #OddEven = Pollution #Demonitisation = Corruption #ModiFightsCorruption #KejriwalFightsPollution",,,#OddEven #Demonitisation #ModiFightsCorruption #KejriwalFightsPollution,"796190762971041793",https://twitter.com/MaskeRajat/status/796190762971041793
AnjaliMody1,2016-11-09 08:49,0,0,"#demonitisation of Rs 500/1000 will be a test for @PMOIndia 's #JanDhanYojna .",,@PMOIndia,#demonitisation #JanDhanYojna,"796190464839806976",https://twitter.com/AnjaliMody1/status/796190464839806976
sonaliranade,2016-11-09 08:48,0,6,"Farmers are going to be very unhappy with Modi ji & his small town trader base will scream blue murder. #Demonitisation",,,#Demonitisation,"796190090775015424",https://twitter.com/sonaliranade/status/796190090775015424
rahulwho_,2016-11-09 08:33,1,1,"All #politicians crying #foul on #Demonitisation . Are they not with the nation for national interest? #FightAgainstCorruption @PMOIndia",,@PMOIndia,#politicians #foul #Demonitisation #FightAgainstCorruption,"796186539671724032",https://twitter.com/rahulwho_/status/796186539671724032
kavitachowdhury,2016-11-09 08:32,0,3,"So #Demonitisation Now I know what it feels to be living under a Muhammad Bin Tughlaq ie.Pagla Raja. @narendramodi trademark theatrics.",,@narendramodi,#Demonitisation,"796186248868085760",https://twitter.com/kavitachowdhury/status/796186248868085760
sherryrawla,2016-11-09 08:06,0,2,"Feeling rewarded. Thanks @PMOIndia @narendramodi #Demonitisation #BlackMoney #Modisurgicalstrike",,@PMOIndia @narendramodi,#Demonitisation #BlackMoney #Modisurgicalstrike,"796179540737261568",https://twitter.com/sherryrawla/status/796179540737261568
faiyazasm,2016-11-09 08:01,2,0,"@sanjayuvacha @anshBx @minicnair A Thread on #Demonitisation https:// twitter.com/faiyazasm/stat us/796166550004776960 …",,@sanjayuvacha @anshBx @minicnair,#Demonitisation,"796178419339796481",https://twitter.com/faiyazasm/status/796178419339796481
topeszz,2016-11-09 07:58,0,0,"Recalibration needed by Ecommerce sector in India that depends on Cash on Delivery COD as largest mode of payment #Demonitisation #cashless pic.twitter.com/IbGxbi96gu",,,#Demonitisation #cashless,"796177661529731072",https://twitter.com/topeszz/status/796177661529731072
faiyazasm,2016-11-09 07:53,3,0,"(3) Nondiscriminatory nature of #Demonitisation means honest people r affected,dishonest go unscathed&Modi gets to make jumlas for UP elxn",,,#Demonitisation,"796176240017186817",https://twitter.com/faiyazasm/status/796176240017186817
thekeyinsight,2016-11-09 07:51,0,1,"Who is laughing all the way to the bank now? #Demonitisation #Modisurgicalstrike",,,#Demonitisation #Modisurgicalstrike,"796175807710277632",https://twitter.com/thekeyinsight/status/796175807710277632
faiyazasm,2016-11-09 07:43,2,1,"On the whole, this #Demonitisation (1) won't eradicate black money rather it will increase it with people going in for other forms of it.",,,#Demonitisation,"796173915403882497",https://twitter.com/faiyazasm/status/796173915403882497
ritesh_to,2016-11-09 07:40,0,0,"Empty gym.. None of the property dealers and shop keepers here today.. Professionals chit chatting and smiling.. #Demonitisation effect .",,,#Demonitisation,"796173030367993856",https://twitter.com/ritesh_to/status/796173030367993856
Shambhu18093919,2016-11-09 06:15,1,0,"#Demonitisation #HighDenomination#Currency#Govt /RBI#Repeat #Periodically#Offener #Tool to#Fight #BlackMoney ? Clarify Please !",,,#Demonitisation #HighDenomination #Currency #Govt #Repeat #Periodically #Offener #Tool #Fight #BlackMoney,"796151622959185920",https://twitter.com/Shambhu18093919/status/796151622959185920