username,date,retweets,favorites,text,geo,mentions,hashtags,id,permalink
CoinsStore1v,2016-11-08 05:29,0,0,"#PaperMoney 1953 $2 RED US Deuce *** STAR *** X952 VG! Old US #Paper #Money #Currency ! http:// dlvr.it/McWtLg #eBay #Auction pic.twitter.com/jjASTozpS7",,,#PaperMoney #Paper #Money #Currency #eBay #Auction,"795777641999519746",https://twitter.com/CoinsStore1v/status/795777641999519746
onlinegames_24,2016-11-08 05:27,0,0,"Most Popular #Forex #Platform : #Currency #trading platform, Anywhere . All you need is a computer! Trade now: http:// bit.ly/UfbLSS",,,#Forex #Platform #Currency #trading,"795777142579724288",https://twitter.com/onlinegames_24/status/795777142579724288
CoinsStore1v,2016-11-08 05:10,0,0,"#PaperMoney 1935F $1 Blue Choice XF #Silver Certificate X270 Old US #Paper #Money #Currency ! http:// dlvr.it/McWh5c #eBay #Auction pic.twitter.com/YVIJquniCu",,,#PaperMoney #Silver #Paper #Money #Currency #eBay #Auction,"795772997747359744",https://twitter.com/CoinsStore1v/status/795772997747359744
CarlaBallantine,2016-11-08 05:08,0,0,"I did say this might happen. If #Trump gets in the #Dollar will fall. Interesting times for #UK #GBP £££ #Economy #Currency #Trading https:// twitter.com/business/statu s/795378199278583809 …",,,#Trump #Dollar #UK #GBP #Economy #Currency #Trading,"795772457764454400",https://twitter.com/CarlaBallantine/status/795772457764454400
forexknowhow,2016-11-08 05:06,0,0,"<b>Forex Trading</b> – Top 5 Most Market-Moving Indicators for the USD https:// goo.gl/fb/jq9Qts #currency",,,#currency,"795772047494434816",https://twitter.com/forexknowhow/status/795772047494434816
forexknowhow,2016-11-08 05:06,0,0,"<b>Trade</b> ideas thread - Tuesday 8 November 2016 https:// goo.gl/fb/EDib3J #currency",,,#currency,"795772046403928065",https://twitter.com/forexknowhow/status/795772046403928065
verosaka,2016-11-08 05:06,0,0,"Modern Money Theory and New Currency Theory http:// ln.is/09HpD #Currency #Theory",,,#Currency #Theory,"795771852664737793",https://twitter.com/verosaka/status/795771852664737793
UniversityForex,2016-11-08 04:58,0,0,"OANDA Trading Desk : Political Risk #ForexNews #Forex #TradeCurrency #Currency http:// soco.space/IJEnjR",,,#ForexNews #Forex #TradeCurrency #Currency,"795769871846035456",https://twitter.com/UniversityForex/status/795769871846035456
BusinessDay,2016-11-08 04:54,4,1,"#AUD cracks US77¢ ceiling #Currency #markets http://www. smh.com.au/business/marke ts/currencies/aussie-dollar-cracks-us77-ceiling-20161107-gsk8yz.html … via @smh @theage pic.twitter.com/7XgOjPzWWd",,@smh @theage,#AUD #Currency #markets,"795768933831671809",https://twitter.com/BusinessDay/status/795768933831671809
opendiplo,2016-11-08 04:45,1,1,"#Bitcoin Isn’t Anonymous Enough? #confidentiality #digital #cash #currency http:// sco.lt/6NKv4b",,,#Bitcoin #confidentiality #digital #cash #currency,"795766582618324993",https://twitter.com/opendiplo/status/795766582618324993
CAD_USD_BOT,2016-11-08 04:37,0,0,"Canadian Dollar is worth: 0.7474 USD @18:07 EST #CAD #USDTOCAD #USDCAD #CURRENCY #BOT",,@18,#CAD #USDTOCAD #USDCAD #CURRENCY #BOT,"795764543637061632",https://twitter.com/CAD_USD_BOT/status/795764543637061632
forexstay,2016-11-08 04:32,0,0,"Sold #EGYPT #KSA #FXSTREETNEWS #CURRENCY #MONEY EURUSD 1.10418 http:// free30usd.com",,,#EGYPT #KSA #FXSTREETNEWS #CURRENCY #MONEY,"795763480192253952",https://twitter.com/forexstay/status/795763480192253952
BitcoinKurs,2016-11-08 04:30,0,0,"Aktueller Bitcoin.de Kurs: 642.05 Euro. #bitcoin #btc #kurs #currency #satoshi by capsload.it",,,#bitcoin #btc #kurs #currency #satoshi,"795762883359600641",https://twitter.com/BitcoinKurs/status/795762883359600641
RoyAllenFX,2016-11-08 04:30,0,0,"Closed Buy 1.0 Lots for +25.0 pips, total for today +370.0 pips #Check #Close #Currency #CurrencyPair #GoodRobot",,,#Check #Close #Currency #CurrencyPair #GoodRobot,"795762858764234756",https://twitter.com/RoyAllenFX/status/795762858764234756
ChicagoFed,2016-11-08 03:59,1,6,"Think you know your historical #currency ? Follow us on Instagram for #MoneyMondays at the #MoneyMuseum ! https://www. instagram.com/chicagofed/ pic.twitter.com/EXTrxMVdtF",,,#currency #MoneyMondays #MoneyMuseum,"795755134403956737",https://twitter.com/ChicagoFed/status/795755134403956737
forexknowhow,2016-11-08 03:51,0,0,"Stock Strength Review on Shares of <b>Currency Exchange</b> International (CXI.TO) https:// goo.gl/fb/1vSRx3 #currency",,,#currency,"795753108211200001",https://twitter.com/forexknowhow/status/795753108211200001
UniversityForex,2016-11-08 03:50,0,0,"Currency rates for November 7 #ForexNews #Forex #TradeCurrency #Currency http:// soco.space/owOuR8 pic.twitter.com/qD6v9LIKDw",,,#ForexNews #Forex #TradeCurrency #Currency,"795752856674586624",https://twitter.com/UniversityForex/status/795752856674586624
CAD_USD_BOT,2016-11-08 03:37,0,0,"Canadian Dollar is worth: 0.7476 USD @17:07 EST #CAD #USDTOCAD #USDCAD #CURRENCY #BOT",,@17,#CAD #USDTOCAD #USDCAD #CURRENCY #BOT,"795749443815538688",https://twitter.com/CAD_USD_BOT/status/795749443815538688
SiriusNews_com,2016-11-08 03:29,0,1,"HERE IT IS. The Next #Crypto #Currency #Bitcoin . It is called #ILCoin Join FREE Today. Click here http:// buygold.ilgamos.com/buy?buy_type=1",,,#Crypto #Currency #Bitcoin #ILCoin,"795747595691954176",https://twitter.com/SiriusNews_com/status/795747595691954176
VVCBITCOINcom,2016-11-08 03:27,0,0,"The top reasons #bitcoin has rallied & risen over $700 - http://www. investopedia.com/news/3-reasons -bitcoin-has-rallied-above-700/ … #bitcoin #currency #money #financial #finance #finances pic.twitter.com/jJ7ElId1Ru",,,#bitcoin #bitcoin #currency #money #financial #finance #finances,"795746940428451840",https://twitter.com/VVCBITCOINcom/status/795746940428451840
TorFX,2016-11-08 03:20,0,0,"What Drove GBP EUR a Cent Higher? And What is the Pairing Likely to Do Next? http:// ow.ly/nJzz305VQLy #expat #currency pic.twitter.com/3NyuI95gbr",,,#expat #currency,"795745192808775681",https://twitter.com/TorFX/status/795745192808775681
OptionWebFrance,2016-11-08 03:18,0,1,"http:// bit.ly/1X8tZEV Yannick Jadot remporte la primaire EELV https:// fr.finance.yahoo.com/actualites/yan nick-jadot-remporte-primaire-eelv-181328631.html … via @OptionWebFrance #euro #currency",,@OptionWebFrance,#euro #currency,"795744696052121601",https://twitter.com/OptionWebFrance/status/795744696052121601
MarcoPolee,2016-11-08 03:02,0,0,"Did you know there are 180 currencies in the world that is recognised by the United Nations. #travelmoney #currency pic.twitter.com/BWls6DrZYW",,,#travelmoney #currency,"795740799128375296",https://twitter.com/MarcoPolee/status/795740799128375296
UniversityForex,2016-11-08 02:51,0,0,"British Pound To Lira Outlook: Why Is The Turkish #ForexNews #Forex #TradeCurrency #Currency http:// soco.space/HSat_Y pic.twitter.com/IagyY1lIoS",,,#ForexNews #Forex #TradeCurrency #Currency,"795737991109103616",https://twitter.com/UniversityForex/status/795737991109103616
Alert_Investor,2016-11-08 02:50,1,3,"For such a small country, #Switerzland 's unpegging of the franc had a big impact on #currency markets http:// bit.ly/1c9xvJZ #forex pic.twitter.com/sd1T1a5xpl",,,#Switerzland #currency #forex,"795737591416897536",https://twitter.com/Alert_Investor/status/795737591416897536
WaterWallPR,2016-11-08 02:49,2,2,"Looking good, Jeremy! @World_First ’s Chief Economist, Jeremy Cook, discusses #currency impacts tied to the #USElection on Bloomberg @Markets pic.twitter.com/UPcQINSI8J",,@World_First @Markets,#currency #USElection,"795737419362537472",https://twitter.com/WaterWallPR/status/795737419362537472
HelpsCharlie,2016-11-08 02:46,1,1,"No, I disagree. Hardwiring does not work. Value creation must, by definition, be by cognitive volition #value #currency #exchange https:// twitter.com/mgriffin_uk/st atus/795696872937689089 …",,,#value #currency #exchange,"795736711225602052",https://twitter.com/HelpsCharlie/status/795736711225602052
sverredommersne,2016-11-08 02:38,0,0,"Kronan på träsknivå #Currency #Sweden http://www. di.se/nyheter/kronan -pa-traskniva/ …",,,#Currency #Sweden,"795734723700097025",https://twitter.com/sverredommersne/status/795734723700097025
DDSTHESUKE,2016-11-08 02:38,0,0,"コノタイミングデ為替見ルノハ面白イシ現実感直視出来ル #MEMO #TUE #601 #CURRENCY "JET LIFE CHRONICLES" https:// youtu.be/804cd1FwmnI pic.twitter.com/PF50T1fqcE",,,#MEMO #TUE #601 #CURRENCY,"795734721820954624",https://twitter.com/DDSTHESUKE/status/795734721820954624
CAD_USD_BOT,2016-11-08 02:37,0,0,"Canadian Dollar is worth: 0.7474 USD @16:07 EST #CAD #USDTOCAD #USDCAD #CURRENCY #BOT",,@16,#CAD #USDTOCAD #USDCAD #CURRENCY #BOT,"795734343935266817",https://twitter.com/CAD_USD_BOT/status/795734343935266817
4TruthAndReason,2016-11-08 02:36,0,0,"@POETESSDEBORAH you really ought to find out what Hillary did to #Africa #UnitedStatesOfAfrica #Libya #GoldStandard #Currency @ObamaMalik",,@POETESSDEBORAH @ObamaMalik,#Africa #UnitedStatesOfAfrica #Libya #GoldStandard #Currency,"795734151181676544",https://twitter.com/4TruthAndReason/status/795734151181676544
SiriusNews_com,2016-11-08 02:34,0,0,"JOIN FREE now. #MONEY #Bitcoin The Next NEW #Crypto #Currency . It is called #ILCoin JOIN Click here http:// buygold.ilgamos.com/buy?buy_type=1",,,#MONEY #Bitcoin #Crypto #Currency #ILCoin,"795733811170578432",https://twitter.com/SiriusNews_com/status/795733811170578432
BitcoinKurs,2016-11-08 02:30,0,0,"Aktueller Bitcoin.de Kurs: 640.39 Euro. #bitcoin #btc #kurs #currency #satoshi by capsload.it",,,#bitcoin #btc #kurs #currency #satoshi,"795732689097781249",https://twitter.com/BitcoinKurs/status/795732689097781249
FrederickForex,2016-11-08 02:30,0,0,"How to start? Let us know which broker you prefer and we tell you further details about deposit, account type, etc. #Currency #Trading",,,#Currency #Trading,"795732684907696128",https://twitter.com/FrederickForex/status/795732684907696128
herbert_waltman,2016-11-08 02:06,0,0,"#Monthtrade +51pp in Oct16 on my #sell #tradingalert for #AUDUSD see all #forex #tradinghistory on https:// goo.gl/JTgYxk #Currency #trade pic.twitter.com/iWatRnTLAc",,,#Monthtrade #sell #tradingalert #AUDUSD #forex #tradinghistory #Currency #trade,"795726609248636930",https://twitter.com/herbert_waltman/status/795726609248636930
SCR10,2016-11-08 02:05,0,0,"Not to mention #data #currency #CRISPR #Genetics #cities #geoengineering and #ecorithms (huh?) https:// twitter.com/SCR10/status/7 95725124041199616 …",,,#data #currency #CRISPR #Genetics #cities #geoengineering #ecorithms,"795726357074362368",https://twitter.com/SCR10/status/795726357074362368
DBsBroDave19,2016-11-08 02:00,0,0,"Check out ** #BOSTON #MASSACHUSETTS ** 1853 $5 The #CochituateBank #Obsolete #Currency https://www. ebay.com/itm/3320203913 74 … #money #history #usa",,,#BOSTON #MASSACHUSETTS #CochituateBank #Obsolete #Currency #money #history #usa,"795725046862020610",https://twitter.com/DBsBroDave19/status/795725046862020610
DBsBroDave19,2016-11-08 01:59,0,0,"Check out CRISP ** #CHICAGO #7** 1928 $50 #FederalReserve Note https://www. ebay.com/itm/3320203909 85 … #money #history #usa #currency",,,#CHICAGO #7 #FederalReserve #money #history #usa #currency,"795724884873768960",https://twitter.com/DBsBroDave19/status/795724884873768960
DBsBroDave19,2016-11-08 01:58,0,1,"Check out ** #HAWAII ** 1934-A $1 #Hawaii #WWII Emergency Issue #Currency https://www. ebay.com/itm/3320192092 00 … #money #history #war #usa",,,#HAWAII #Hawaii #WWII #Currency #money #history #war #usa,"795724725389553664",https://twitter.com/DBsBroDave19/status/795724725389553664
MarketingPicz,2016-11-08 01:57,0,0,"Promo Tip No. 1 Stock photo Yuan Currency Devaluation http:// dld.bz/dQtkG … #dollar #currency #yuan #china pic.twitter.com/umM6mPGCaz",,,#dollar #currency #yuan #china,"795724323898200065",https://twitter.com/MarketingPicz/status/795724323898200065
CAD_USD_BOT,2016-11-08 01:37,0,0,"Canadian Dollar is worth: 0.7479 USD @15:07 EST #CAD #USDTOCAD #USDCAD #CURRENCY #BOT",,@15,#CAD #USDTOCAD #USDCAD #CURRENCY #BOT,"795719244042432512",https://twitter.com/CAD_USD_BOT/status/795719244042432512
wlstcom,2016-11-08 01:34,0,0,"RBI issues clarifications on hedging for ECBs #RBI #ECBs #borrowings #currency #banks #wlst http://www. livemint.com/Money/2F2gM6c6 xw6iIv0jr4o22I/RBI-issues-clarifications-on-hedging-for-ECBs.html … pic.twitter.com/92Osrq4zUt",,,#RBI #ECBs #borrowings #currency #banks #wlst,"795718687286296578",https://twitter.com/wlstcom/status/795718687286296578
gabji,2016-11-08 01:34,0,0,"#currency providers pic.twitter.com/7JnG44sQgE",,,#currency,"795718623847251968",https://twitter.com/gabji/status/795718623847251968
casualtrader1,2016-11-08 01:31,0,0,"The Currency Market never lie. #election2016 #forex #fx #currency #bullish #bearish #trader … https://www. instagram.com/p/BMhYfoNAn_i/",,,#election2016 #forex #fx #currency #bullish #bearish #trader,"795717951089414144",https://twitter.com/casualtrader1/status/795717951089414144
Travelex_USA,2016-11-08 01:30,0,1,"There's only four days left of our British pound sale! Snap up your #currency now: http:// bit.ly/1d4yaNh pic.twitter.com/cGrqSSGJn2",,,#currency,"795717474197061632",https://twitter.com/Travelex_USA/status/795717474197061632
VoloCommerce,2016-11-08 01:30,0,0,"How can you protect your bottom line against #currency fluctuations? http:// cgt.bz/1tw7h",,,#currency,"795717467331002368",https://twitter.com/VoloCommerce/status/795717467331002368
forexknowhow,2016-11-08 01:13,0,0,"Bitcoin Price Watch; US Election Puts <b>Traders</b> on Hold https:// goo.gl/fb/CeyaY5 #currency",,,#currency,"795713371177947136",https://twitter.com/forexknowhow/status/795713371177947136
forexknowhow,2016-11-08 01:13,0,0,"<b>Forex Trader</b> Sentiment Switches Direction on Euro https:// goo.gl/fb/edlnBV #currency",,,#currency,"795713362780897280",https://twitter.com/forexknowhow/status/795713362780897280
brownomics,2016-11-08 01:13,0,0,"China's foreign currency hoard, the world's largest, eroded further last month #hsceco #china #currency http:// bloom.bg/2euXsoZ @markets",,@markets,#hsceco #china #currency,"795713336528670720",https://twitter.com/brownomics/status/795713336528670720
barronsonline,2016-11-08 01:09,2,4,"The Case For Russia Stocks http:// on.barrons.com/2faeeha #EmergingMarkets $ RSX #ruble #currency via @DeFotis pic.twitter.com/rkJEC9aL0t",,@DeFotis,#EmergingMarkets #ruble #currency,"795712422577377280",https://twitter.com/barronsonline/status/795712422577377280
SkyWay_NewsInfo,2016-11-08 01:08,0,1,"#Currency #WomenMoney #Information #eurasiapg #TOCAREABOUTNATURE #skywaygroup like https:// swigroup.org/2PGq pic.twitter.com/Ru71EU55LG",,,#Currency #WomenMoney #Information #eurasiapg #TOCAREABOUTNATURE #skywaygroup,"795712010138828800",https://twitter.com/SkyWay_NewsInfo/status/795712010138828800
iCompareFX,2016-11-08 01:00,0,0,""MoneyGram Vs CurrencyFair – The Choice Can Be Easy" https://www. linkedin.com/pulse/moneygra m-vs-currencyfair-choice-can-easy-dave-o-neill … by @iCompareFX on @LinkedIn #currency #finance #transfermoney",,@iCompareFX @LinkedIn,#currency #finance #transfermoney,"795709979655344129",https://twitter.com/iCompareFX/status/795709979655344129
Markets4Trade,2016-11-08 00:53,0,0,"The count down begins... #keeptrading #forex #inspiration #currency #pips #fx #stocks #trading … https://www. instagram.com/p/BMhUJGRAaJ6/",,,#keeptrading #forex #inspiration #currency #pips #fx #stocks #trading,"795708380824432644",https://twitter.com/Markets4Trade/status/795708380824432644
ILCoins,2016-11-08 00:51,0,0,"FREE to Join - Get the New Coin. #ILCoin is the New #Digital #Currency Revolution. sign up NOW http:// dld.bz/dBdJu pic.twitter.com/kSXFGJGvDg",,,#ILCoin #Digital #Currency,"795707888039763968",https://twitter.com/ILCoins/status/795707888039763968
sarmisthataraf,2016-11-08 00:39,0,0,"#evolution of #money that is now becoming more common as #digital #currency . #smallbiz #HelpingTheWorldTrade http:// hubs.ly/H04F1xZ0 pic.twitter.com/sWTN3R1cPU",,,#evolution #money #digital #currency #smallbiz #HelpingTheWorldTrade,"795704858586267648",https://twitter.com/sarmisthataraf/status/795704858586267648
CAD_USD_BOT,2016-11-08 00:37,0,0,"Canadian Dollar is worth: 0.7473 USD @14:07 EST #CAD #USDTOCAD #USDCAD #CURRENCY #BOT",,@14,#CAD #USDTOCAD #USDCAD #CURRENCY #BOT,"795704144363421700",https://twitter.com/CAD_USD_BOT/status/795704144363421700
CoinsStore1v,2016-11-08 00:35,0,0,"#PaperMoney T-36 1861 $5 FIVE #DollarS CSA CONFEDERATE #Currency CIVAL WAR #Paper #Money #Bill http:// dlvr.it/McRym7 #eBay #Auction pic.twitter.com/HbNmNldeuy",,,#PaperMoney #DollarS #Currency #Paper #Money #Bill #eBay #Auction,"795703829513703425",https://twitter.com/CoinsStore1v/status/795703829513703425
OptionScape1,2016-11-08 00:35,0,0,"The closest thing to a crystal ball--OptionScape #spx $ spy #markets #indices #currency #daytrading http:// ow.ly/YAWs305Pa9M pic.twitter.com/g16rOlzNwC",,,#spx #markets #indices #currency #daytrading,"795703724303937536",https://twitter.com/OptionScape1/status/795703724303937536
PrimeSiteUK,2016-11-08 00:34,0,0,"TorFX Money > Looking for a #money or #currency transfer? > https:// goo.gl/BOFJGO pic.twitter.com/TuQbuj2uKN",,,#money #currency,"795703478890860544",https://twitter.com/PrimeSiteUK/status/795703478890860544
BitcoinKurs,2016-11-08 00:30,0,0,"Aktueller Bitcoin.de Kurs: 641.09 Euro. #bitcoin #btc #kurs #currency #satoshi by capsload.it",,,#bitcoin #btc #kurs #currency #satoshi,"795702483381350404",https://twitter.com/BitcoinKurs/status/795702483381350404
Biz_Hype,2016-11-08 00:25,0,0,"Get your coinspace package and start getting S-Coins daily - https:// goo.gl/tN8Z58 #invest #currency #digital #business @Nateleysystems pic.twitter.com/ONTSadHcPu",,@Nateleysystems,#invest #currency #digital #business,"795701154793537536",https://twitter.com/Biz_Hype/status/795701154793537536
INSEservices,2016-11-08 00:22,0,0,"#Value of #currency can’t be protected anymore as international #markets & #derivatives decide about the value, #Rates are only second best.",,,#Value #currency #markets #derivatives #Rates,"795700507968937985",https://twitter.com/INSEservices/status/795700507968937985
Brand_UK,2016-11-08 00:09,2,1,"#GBP / #USD to fall to $1.12 says Dr David Paul @VectorVestUK during @IGTV interview with @JeremyNaylor_IG #Currency https://www. youtube.com/watch?v=vTzOB3 gARkE …",,@VectorVestUK @IGTV @JeremyNaylor_IG,#GBP #USD #Currency,"795697143369568260",https://twitter.com/Brand_UK/status/795697143369568260
forexknowhow,2016-11-07 23:57,0,0,"Egyptian Stocks Rally as <b>Currency</b> Float Raises IMF Loan Hopes https:// goo.gl/fb/bDbGsH #currency",,,#currency,"795694260913893378",https://twitter.com/forexknowhow/status/795694260913893378
forexknowhow,2016-11-07 23:57,0,0,"Swiss bank BCGE partners with OLFA Trade for <b>FX trading</b> platform for… https:// goo.gl/fb/MFxff6 #currency",,,#currency,"795694259856871424",https://twitter.com/forexknowhow/status/795694259856871424
EburyUK,2016-11-07 23:54,3,2,"We expect #currency #volatility to be highest around the release of results from #swingstates http:// hubs.ly/H055Rsv0 #PresidentialElection pic.twitter.com/KrYEbrRTnd",,,#currency #volatility #swingstates #PresidentialElection,"795693318038503425",https://twitter.com/EburyUK/status/795693318038503425
Beattravelagent,2016-11-07 23:50,0,2,"Wondering how to save money travelling, explore the Best travel money options #Travel #Currency #traveltips - http:// beatthetravelagent.com/travel-tips-an d-tricks/item/395-travel-money-options … pic.twitter.com/ZpvmD6hbDd",,,#Travel #Currency #traveltips,"795692455148584966",https://twitter.com/Beattravelagent/status/795692455148584966
TorFX,2016-11-07 23:40,0,0,"Sending money to #New Zealand? Follow the latest #NZD news! http:// ow.ly/tb2b305Vig9 #currency pic.twitter.com/HB94mofAdT",,,#New #NZD #currency,"795689874380771328",https://twitter.com/TorFX/status/795689874380771328
ShareRadioUK,2016-11-07 23:34,2,1,". @Jeremy_JCook joins #MarketWrap to talk about #UK #SMEs facing £34.bn #USElection #currency risk @WorldFirstUK https:// audioboom.com/posts/5255591- jeremy-cook-talks-about-uk-smes-facing-34-bn-us-election-currency-risk …",,@Jeremy_JCook @WorldFirstUK,#MarketWrap #UK #SMEs #USElection #currency,"795688293388218369",https://twitter.com/ShareRadioUK/status/795688293388218369
DisciplineForex,2016-11-07 23:33,0,0,"Trading EUR/USD on Election Week Will Trump Win Cause Black Swan https:// youtu.be/zFd2WRRYZgw #forexnews #currency Brexit Part 2?",,,#forexnews #currency,"795688040803037185",https://twitter.com/DisciplineForex/status/795688040803037185
ILCoins,2016-11-07 23:32,0,0,"#MONEY HERE IT IS. The Next #Crypto #Currency #Bitcoin . It is called #ILCoin Join FREE Today. Click here http:// buygold.ilgamos.com/buy?buy_type=1",,,#MONEY #Crypto #Currency #Bitcoin #ILCoin,"795687780470943744",https://twitter.com/ILCoins/status/795687780470943744
robinf_fx,2016-11-07 23:30,0,0,"Pips Cutter uses 3 sub-systems to trade on market trends, consolidations and uses fundamental analysis. #Currency #ForexAlert #Expert #ECN",,,#Currency #ForexAlert #Expert #ECN,"795687311870726144",https://twitter.com/robinf_fx/status/795687311870726144
FxBeatham,2016-11-07 23:30,0,0,"Pips Cutter uses 3 sub-systems to trade on market trends, consolidations and uses fundamental analysis. #Currency #ForexAlert #Expert #ECN",,,#Currency #ForexAlert #Expert #ECN,"795687303758938114",https://twitter.com/FxBeatham/status/795687303758938114
bravenewcoin,2016-11-07 23:10,0,0,"#Bitcoin Price, Charts, #Research , All Digital #Currency Insights » BNC http:// ow.ly/3ZBE303pSTG",,,#Bitcoin #Research #Currency,"795682324776161281",https://twitter.com/bravenewcoin/status/795682324776161281
cshagan,2016-11-07 23:02,0,0,"Quick trade #long #USD on your chosen #currency - exit 11/09 - just talking, a lazy theory",,,#long #USD #currency,"795680311044612096",https://twitter.com/cshagan/status/795680311044612096
Phronesis_inc,2016-11-07 23:00,4,1,"First #China now #Egypt . Is #Currency #devaluation becoming a new normal in #forex management by #Centralbanks ? #inflation #yuan #freefloat pic.twitter.com/kqi1a9mGqt",,,#China #Egypt #Currency #devaluation #forex #Centralbanks #inflation #yuan #freefloat,"795679712811028481",https://twitter.com/Phronesis_inc/status/795679712811028481
saul42,2016-11-07 22:59,0,1,"#Negative #rates and #currency wars will lead to higher stock market prices http:// bit.ly/1Z0z8wE pic.twitter.com/gskaU9Z4Ts",,,#Negative #rates #currency,"795679634931281920",https://twitter.com/saul42/status/795679634931281920
saul42,2016-11-07 22:57,0,1,"#Currency wars gather momentum with #Brexit http:// bit.ly/2ajhO6I pic.twitter.com/L8GIXCROP1",,,#Currency #Brexit,"795678996298088449",https://twitter.com/saul42/status/795678996298088449
forexstay,2016-11-07 22:56,0,1,"Closed Sell #FXSTREETNEWS #CURRENCY #MONEY #HOMEBUSINESS EURUSD 1.10546 for +16.0 pips, total for today +120.0 pips http:// free30usd.com",,,#FXSTREETNEWS #CURRENCY #MONEY #HOMEBUSINESS,"795678914760835072",https://twitter.com/forexstay/status/795678914760835072
iLgamosiLcoin,2016-11-07 22:52,0,0,"FREE to Join - Get the New Coin. #ILCoin is the New #Digital #Currency Revolution. sign up NOW http:// dld.bz/dBdJu pic.twitter.com/yLg83JFkQn",,,#ILCoin #Digital #Currency,"795677900985036800",https://twitter.com/iLgamosiLcoin/status/795677900985036800
sterlingfx_ldn,2016-11-07 22:51,0,0,"Hello Monday! #mondaymotivation #happymonday #visitus #sterling #currency #bestrates #londonedgwareroad #travelmoney #travelmondays #money pic.twitter.com/ckwkhgAaE9",,,#mondaymotivation #happymonday #visitus #sterling #currency #bestrates #londonedgwareroad #travelmoney #travelmondays #money,"795677639583342592",https://twitter.com/sterlingfx_ldn/status/795677639583342592
Ortiz_Luis_F,2016-11-07 22:47,0,0,"#Venezuela 's #currency is dying | http:// wpo.st/WdTC2",,,#Venezuela #currency,"795676683030380544",https://twitter.com/Ortiz_Luis_F/status/795676683030380544
FCECornwall,2016-11-07 22:43,0,1,"We've extended our trading hours so do call us if you need to discuss your #currency options http:// bit.ly/2fLKIAg pic.twitter.com/qbEzu1tpXM",,,#currency,"795675509296427008",https://twitter.com/FCECornwall/status/795675509296427008
TheCurrencyClub,2016-11-07 22:41,0,1,"Monday's are better with Flip-Flops. #mondaymotivation #thecurrencyclub #currency #travelmoney #holidaymoney #flipflop #amazingrates #follow pic.twitter.com/8IHinLJYgR",,,#mondaymotivation #thecurrencyclub #currency #travelmoney #holidaymoney #flipflop #amazingrates #follow,"795675128906575873",https://twitter.com/TheCurrencyClub/status/795675128906575873
CAD_USD_BOT,2016-11-07 22:37,0,0,"Canadian Dollar is worth: 0.7466 USD @12:07 EST #CAD #USDTOCAD #USDCAD #CURRENCY #BOT",,@12,#CAD #USDTOCAD #USDCAD #CURRENCY #BOT,"795673944846123008",https://twitter.com/CAD_USD_BOT/status/795673944846123008
IIEPGW,2016-11-07 22:32,0,0,". @Bloomberg : The #Australian #dollar can be a barometer of #global #economic sentiment as #currency surge develops http:// bloom.bg/2faEfe6",,@Bloomberg,#Australian #dollar #global #economic #currency,"795672686139674624",https://twitter.com/IIEPGW/status/795672686139674624
HaloFinancial,2016-11-07 22:31,0,0,"Keep up to speed with the #CurrencyMarket with our live #Currency updates. http:// bit.ly/2awt66i",,,#CurrencyMarket #Currency,"795672461073416192",https://twitter.com/HaloFinancial/status/795672461073416192
BitcoinKurs,2016-11-07 22:30,0,0,"Aktueller Bitcoin.de Kurs: 639.48 Euro. #bitcoin #btc #kurs #currency #satoshi by capsload.it",,,#bitcoin #btc #kurs #currency #satoshi,"795672284920946689",https://twitter.com/BitcoinKurs/status/795672284920946689
CryptoSavvy,2016-11-07 22:27,0,1,"New @Synereo re-emerges as leading Blockchain promise after a successful funding campaign http:// bit.ly/2efEur1 #financial #currency",,@Synereo,#financial #currency,"795671452854919168",https://twitter.com/CryptoSavvy/status/795671452854919168
GGalina555,2016-11-07 22:24,0,0,"СУПЕР ФИШКИ #Currency Systems заработок в интернете: http:// youtu.be/mCnP90ju0CE?a via @YouTube",,@YouTube,#Currency,"795670724262428672",https://twitter.com/GGalina555/status/795670724262428672
CryptoRTs,2016-11-07 22:16,0,1,"Blockchain Startup @Synereo Threatens Monopoly of Ethereum as Major DApps Host http:// bit.ly/2efD9Ar #crypto #financial #currency #digital",,@Synereo,#crypto #financial #currency #digital,"795668679409233920",https://twitter.com/CryptoRTs/status/795668679409233920
techreview_pk,2016-11-07 22:15,2,0,"Is #bitcoin the future of #currency in #Pakistan ? http://www. technologyreview.pk/can-cryptocurr ency-work-in-pakistan/ …",,,#bitcoin #currency #Pakistan,"795668552141381632",https://twitter.com/techreview_pk/status/795668552141381632
DSWINDIA,2016-11-07 22:02,0,0,"Dollar strengthens as election seen swinging toward Clinton https:// goo.gl/fb/8AdPY2 #brexit #currency #currencyfundamentals #currencynews",,,#brexit #currency #currencyfundamentals #currencynews,"795665125508321281",https://twitter.com/DSWINDIA/status/795665125508321281
forexstay,2016-11-07 22:00,0,0,"Sold #EGYPT #KSA #FXSTREETNEWS #CURRENCY #MONEY GBPUSD 1.23811 http:// free30usd.com",,,#EGYPT #KSA #FXSTREETNEWS #CURRENCY #MONEY,"795664692140183553",https://twitter.com/forexstay/status/795664692140183553
JavascriptQnA,2016-11-07 21:54,0,0,"How can I format numbers as money in JavaScript? #javascript #formatting #currency https:// goo.gl/Ixqzf9",,,#javascript #formatting #currency,"795663104210255872",https://twitter.com/JavascriptQnA/status/795663104210255872
DeFotis,2016-11-07 21:48,0,1,"The Case For Russia Stocks Despite #Election2016 (subscription) http://www. barrons.com/articles/even- if-kremlin-doesnt-russian-stocks-win-fans-1478322750 … #EmergingMarket $ RSX #ruble #currency @barronsonline",,@barronsonline,#Election2016 #EmergingMarket #ruble #currency,"795661792844378113",https://twitter.com/DeFotis/status/795661792844378113
rochakweb,2016-11-07 21:42,0,0,"#भारत #की #नयी #करेंसी #जो #आज #ही #लांच #हुई . . . . . . #indian #currency #launch #today #rochakweb pic.twitter.com/NF9WiDnARn",,,#भ #क #नय #कर #ज #आज #ह #ल #ह #indian #currency #launch #today #rochakweb,"795660270119030785",https://twitter.com/rochakweb/status/795660270119030785
HaloFinancial,2016-11-07 21:40,0,0,"Could new #Currency throw #Zimbabwe back into crisis? http:// bit.ly/2fSCC85",,,#Currency #Zimbabwe,"795659651249504256",https://twitter.com/HaloFinancial/status/795659651249504256
yenisafakEN,2016-11-07 21:40,0,0,"#Egypt to face #pain before gain after massive #currency devaluation http://www. yenisafak.com/en/ekonomi/egy pt-to-face-pain-before-gain-after-massive-currency-devaluation-2560237 … pic.twitter.com/uEJ8ekELJd",,,#Egypt #pain #currency,"795659580638232576",https://twitter.com/yenisafakEN/status/795659580638232576
SynereoNews,2016-11-07 21:37,0,1,"Brace for @Synereo 's AMPs https:// blog.synereo.com/2016/10/30/bra ce-for-amps/ … #DAYTRADERS #IoT #decentralized #socialnetwork #Business #crypto #financial #currency",,@Synereo,#DAYTRADERS #IoT #decentralized #socialnetwork #Business #crypto #financial #currency,"795659057403232256",https://twitter.com/SynereoNews/status/795659057403232256
NO1CURRENCYIRE,2016-11-07 21:30,0,0,"We can change any #currency leftover from your #holidays into Euros in your pocket! http:// buff.ly/2fvFB3P #traveltips #traveldeals pic.twitter.com/HcPXIzZpBq",,,#currency #holidays #traveltips #traveldeals,"795657135006871552",https://twitter.com/NO1CURRENCYIRE/status/795657135006871552
FexcoCurrency,2016-11-07 21:30,0,0,"We can change any #Currency leftover from your #holiday into €s in your pocket! http:// buff.ly/2eFaqDW #Travel #traveltips #traveldeals pic.twitter.com/nl7eH36IIC",,,#Currency #holiday #Travel #traveltips #traveldeals,"795657101544669185",https://twitter.com/FexcoCurrency/status/795657101544669185
No1Currency,2016-11-07 21:30,0,1,"Travelling abroad? Don't forget your #Currency ! Click & Collect at http:// buff.ly/2fTFC49 #traveltips #traveldeals pic.twitter.com/o8fAxI5ebe",,,#Currency #traveltips #traveldeals,"795657065666674688",https://twitter.com/No1Currency/status/795657065666674688
DeFotis,2016-11-07 21:26,1,1,"Barron’s Forsyth On Why #China FX Reserves Are Shrinking http:// blogs.barrons.com/emergingmarket sdaily/2016/11/07/barrons-forsyth-why-china-currency-reserves-are-shrinking/ … #yuan #currency $ FXI $ EEM #EmergingMarket @barronsonline",,@barronsonline,#China #yuan #currency #EmergingMarket,"795656187391791105",https://twitter.com/DeFotis/status/795656187391791105
deVereZimbabwe,2016-11-07 21:26,0,0,"Zimbabwe Business urges use of #Rand as Primary #Currency other than Dollars & others. https:// goo.gl/YCgZJC #Dollar #deVereZimbabwe pic.twitter.com/Mf7cY2buTl",,,#Rand #Currency #Dollar #deVereZimbabwe,"795656086749638656",https://twitter.com/deVereZimbabwe/status/795656086749638656
CoinsStore1v,2016-11-07 21:14,0,1,"#PaperMoney Fancy Serial Number Note $1 #Dollar #Bill US #Currency Banknote #Paper #Money FRN #http:// dlvr.it/McNq0Y #eBay #Auction pic.twitter.com/hVqjN7BFxL",,,#PaperMoney #Dollar #Bill #Currency #Paper #Money #http #eBay #Auction,"795653198681817088",https://twitter.com/CoinsStore1v/status/795653198681817088
madmilker,2016-11-07 20:47,0,0,"#CorporateRetail It makes NOTHING.. but only moves #currency Every #MainStreet in #America has died from it... #Trillions of $ s leaving US",,,#CorporateRetail #currency #MainStreet #America #Trillions,"795646354940956676",https://twitter.com/madmilker/status/795646354940956676
LeanStoneBooks,2016-11-07 20:45,0,0,"Become an #expert in #currency #trading and #earn a #fortune : https://www. amazon.com/FOREX-Inflatio n-Protection-Technical-Analysis-ebook/dp/B0191HLLKA?ie=UTF8&*Version*=1&*entries*=0 …",,,#expert #currency #trading #earn #fortune,"795645751380451329",https://twitter.com/LeanStoneBooks/status/795645751380451329
AasiyaQ,2016-11-07 20:44,0,0,"Who was reason of Fall of Ottoman empire? #Flag #Coin #Currency #LastSultan #HeightOfEmpire #TruthIsInBlood #LION pic.twitter.com/5hJzM8ioQZ",,,#Flag #Coin #Currency #LastSultan #HeightOfEmpire #TruthIsInBlood #LION,"795645703007698948",https://twitter.com/AasiyaQ/status/795645703007698948
wlstcom,2016-11-07 20:38,0,0,"Fiesta! Emerging Markets & Peso Rebound On Clinton Email Reprieve #EmergingMarkets #Clinton #currency #Election2016 http:// blogs.barrons.com/emergingmarket sdaily/2016/11/07/fiesta-emerging-markets-peso-rebound-on-clinton-email-reprieve …",,,#EmergingMarkets #Clinton #currency #Election2016,"795644193670578182",https://twitter.com/wlstcom/status/795644193670578182
DeFotis,2016-11-07 20:37,1,0,"Fiesta! #EmergingMarkets & Peso Jump On #Clinton Email Reprieve http:// blogs.barrons.com/emergingmarket sdaily/2016/11/07/fiesta-emerging-markets-peso-rebound-on-clinton-email-reprieve/ … $ EEM $ EWW $ CX #currency #Election2016 @barronsonline",,@barronsonline,#EmergingMarkets #Clinton #currency #Election2016,"795643839407128581",https://twitter.com/DeFotis/status/795643839407128581
CAD_USD_BOT,2016-11-07 20:37,0,0,"Canadian Dollar is worth: 0.7467 USD @10:07 EST #CAD #USDTOCAD #USDCAD #CURRENCY #BOT",,@10,#CAD #USDTOCAD #USDCAD #CURRENCY #BOT,"795643745043619842",https://twitter.com/CAD_USD_BOT/status/795643745043619842
BitcoinKurs,2016-11-07 20:30,0,1,"Aktueller Bitcoin.de Kurs: 639.2 Euro. #bitcoin #btc #kurs #currency #satoshi by capsload.it",,,#bitcoin #btc #kurs #currency #satoshi,"795642089308651520",https://twitter.com/BitcoinKurs/status/795642089308651520
JPDesloges,2016-11-07 20:14,0,0,"$ USDCAD pair: At Weekly Resistance Trendline (blue) #Trading #dollar #commodities #currency #canada #risk #loonie pic.twitter.com/2KlLfJnF9B",,,#Trading #dollar #commodities #currency #canada #risk #loonie,"795638063808610304",https://twitter.com/JPDesloges/status/795638063808610304
fidelitycanada,2016-11-07 20:11,1,1,"#DailyChart : Though the #Canadian #dollar has been weak, in 2016 the Canadian dollar appreciated against the #US . #Currency pic.twitter.com/zZBYErBNzn",,,#DailyChart #Canadian #dollar #US #Currency,"795637414077276160",https://twitter.com/fidelitycanada/status/795637414077276160
Currency4Ex,2016-11-07 20:09,0,0,"Yesterday is history, tomorrow is a mystery, today is a gift. For #Ex is #history , #Currency is present, #appreciation is a mystery. #forex",,,#Ex #history #Currency #appreciation #forex,"795636912681684992",https://twitter.com/Currency4Ex/status/795636912681684992
EMViews,2016-11-07 20:05,0,0,"How the rise of China's #currency is fueling trade across Africa. http:// emvie.ws/2f9Exnt #TheEMView",,,#currency #TheEMView,"795635881801609216",https://twitter.com/EMViews/status/795635881801609216
bestfxrates,2016-11-07 20:05,0,0,"United States Dollar – Mon Nov 7: USD Up vs EUR, GBP, JPY & PHP and Down vs CAD, AUD & MXN. #fx #forex #currency http:// bestexchangerates.com/blog/united-st ates-dollar-mon-nov-7-usd-up-vs-eur-gbp-jpy-php-and-down-vs-cad-aud-mxn/7350 …",,,#fx #forex #currency,"795635787543040004",https://twitter.com/bestfxrates/status/795635787543040004
forexknowhow,2016-11-07 20:05,0,0,"Bitcoin Attracts Record Number of Chinese Investors, As Yuan Continues to Drop https:// goo.gl/fb/6DYLMT #currency",,,#currency,"795635758216466432",https://twitter.com/forexknowhow/status/795635758216466432
forexknowhow,2016-11-07 20:05,0,0,"<b>Traders</b> changes tack in latest ECB poll https:// goo.gl/fb/8YYrUx #currency",,,#currency,"795635757390118913",https://twitter.com/forexknowhow/status/795635757390118913
xiuxiu_mao,2016-11-07 20:00,0,0,"Closed Buy 1.0 Lots for +26.4 pips, total for today +615.4 pips #forex #auto #system #Forex_News #Currency #EconomicNews",,,#forex #auto #system #Forex_News #Currency #EconomicNews,"795634615428009984",https://twitter.com/xiuxiu_mao/status/795634615428009984
DSWINDIA,2016-11-07 19:57,0,0,"Usd inr future above 66.96 remain buy for target 67.3+ https:// goo.gl/fb/8b6FRE #8nov2016tips #currency #currencytips #forex #forextips",,,#8nov2016tips #currency #currencytips #forex #forextips,"795633833697771520",https://twitter.com/DSWINDIA/status/795633833697771520
magnuimsinfo,2016-11-07 19:56,0,0,"$ VIX key support 18.60- #markets #volatility #stockmarkets #elections #currency #charts #currency #rates #centralbanks #FED #Yellen",,,#markets #volatility #stockmarkets #elections #currency #charts #currency #rates #centralbanks #FED #Yellen,"795633472870187008",https://twitter.com/magnuimsinfo/status/795633472870187008
iCompareFX,2016-11-07 19:55,0,0,"#MoneyGram Competitors and Alternatives | Compared http:// ow.ly/hY8C305UmoN expats #currency #finance #transfermoney #wiretransfer",,,#MoneyGram #currency #finance #transfermoney #wiretransfer,"795633231605415943",https://twitter.com/iCompareFX/status/795633231605415943
QuickForexGain,2016-11-07 19:55,0,0,"Some Guarded Relief as Stocks Rally around the World #currency http:// currencythoughts.com/2016/11/07/som e-guarded-relief-as-stocks-rally-around-the-world/ …",,,#currency,"795633171144458241",https://twitter.com/QuickForexGain/status/795633171144458241
magnuimsinfo,2016-11-07 19:53,0,0,"$ DAX key resistance 10,520- #charts #markets #stockmarkets #manufacturing #centralbanks #ECB #Draghi #currency #Germany",,,#charts #markets #stockmarkets #manufacturing #centralbanks #ECB #Draghi #currency #Germany,"795632652636291073",https://twitter.com/magnuimsinfo/status/795632652636291073
PeninsulaQatar,2016-11-07 19:46,1,0,"Egypt to face pain before gain after massive currency devaluation #egypt #Currency #economy http:// thepeninsulaqatar.com/article/07/11/ 2016/Egypt-to-face-pain-before-gain-after-massive-currency-devaluation … pic.twitter.com/hMYrzbryFF",,,#egypt #Currency #economy,"795631102916431872",https://twitter.com/PeninsulaQatar/status/795631102916431872
DSWINDIA,2016-11-07 19:38,0,0,"gbp inr future above 83.4 remain buy https:// goo.gl/fb/SOcFRf #8nov2016tips #currency #currencytips #forex #forextips #gbpinr",,,#8nov2016tips #currency #currencytips #forex #forextips #gbpinr,"795628898679738368",https://twitter.com/DSWINDIA/status/795628898679738368
CAD_USD_BOT,2016-11-07 19:37,0,0,"Canadian Dollar is worth: 0.7465 USD @9:07 EST #CAD #USDTOCAD #USDCAD #CURRENCY #BOT",,@9,#CAD #USDTOCAD #USDCAD #CURRENCY #BOT,"795628645142433792",https://twitter.com/CAD_USD_BOT/status/795628645142433792
ZiggyFX,2016-11-07 19:35,1,4,"Recording of @PipCzar Morning Edge Bias Chart is now available. #Free #Forex #Currency #Markets #Trading - https://www. youtube.com/watch?v=MOXo3H PJ1ko&feature=youtu.be …",,@PipCzar,#Free #Forex #Currency #Markets #Trading,"795628323808407558",https://twitter.com/ZiggyFX/status/795628323808407558
TorFX,2016-11-07 19:35,0,0,"Weekly Canadian Dollar News - Is now a good time or bad time to send money to #Canda ? http:// ow.ly/VylE305VzOC #currency pic.twitter.com/4EZAVgNdxP",,,#Canda #currency,"795628205352820740",https://twitter.com/TorFX/status/795628205352820740
hassankomputer,2016-11-07 19:33,0,1,"Open #Market Rate 07-11-2016 Aud: 80.5/81.5 Eur: 116.50/117.5 SR: 28.10/28.30 UAE: 28.75/28.95 UK: 130.5/131.5 US: 105.90/106.20 #Currency",,,#Market #Currency,"795627776913145857",https://twitter.com/hassankomputer/status/795627776913145857
FFSignal_en,2016-11-07 19:28,0,0,"Economic calendar from 07 to November 11 #Market #Currency #Investments http:// bit.ly/2bv1DRK pic.twitter.com/TtfW9M3pDe",,,#Market #Currency #Investments,"795626392067145728",https://twitter.com/FFSignal_en/status/795626392067145728
coventgardenfx,2016-11-07 19:26,0,0,"#Euro now at 1.1080 to buy and #Dollar 1.2255 #sellcurrency #foreignexchange #currency #buycurrency #exchangerates",,,#Euro #Dollar #sellcurrency #foreignexchange #currency #buycurrency #exchangerates,"795625917620092928",https://twitter.com/coventgardenfx/status/795625917620092928
exchangecurreny,2016-11-07 19:23,0,1,"Now You Can Have Your Order Currency Online Done Safely http:// order-currency-online.blogspot.com/2016/10/now-yo u-can-have-your-order-currency.html … http:// taheriexchange.com/buy-currency-o nline/ … #currency #exchange #toronto pic.twitter.com/nNa5QOxsLH",,,#currency #exchange #toronto,"795625221868888064",https://twitter.com/exchangecurreny/status/795625221868888064
moneyexchanged,2016-11-07 19:16,0,1,"Why You Never See Online Currency Exchange That Actually Works http:// online-currency-exchange.wikidot.com / http:// taheriexchange.com/exchange-rate/ #currency #exchange #online pic.twitter.com/lzbUAusVgH",,,#currency #exchange #online,"795623468175917056",https://twitter.com/moneyexchanged/status/795623468175917056
AmeduriDominic,2016-11-07 19:13,0,0,"#gbpusd #sell #1w see how we go #forex #currency #currencytrading #currencytrader #pips #cash … https://www. instagram.com/p/BMgtOhZFH-l/",,,#gbpusd #sell #1w #forex #currency #currencytrading #currencytrader #pips #cash,"795622813059219456",https://twitter.com/AmeduriDominic/status/795622813059219456
SangbadPratidin,2016-11-07 19:04,0,0,"সত্যিই বাজারে আসছে ২০০০ টাকার নোট? #Currency #Note #Viral #SangbadPratidin http:// fb.me/1DQQJrdVG",,,#Currency #Note #Viral #SangbadPratidin,"795620481600811009",https://twitter.com/SangbadPratidin/status/795620481600811009
BancDeBinary_EN,2016-11-07 19:01,0,1,"Discover the worlds leading #currency pairs: The Australian Dollar #CAD http:// ow.ly/zDwn304DwGy",,,#currency #CAD,"795619591456194560",https://twitter.com/BancDeBinary_EN/status/795619591456194560
NewVisionIFA,2016-11-07 19:01,0,0,"How LOW can it go? The winners and losers in the pound crisis - http:// ow.ly/i9in305fckZ #economy #sterling #pound #currency #lifestyle",,,#economy #sterling #pound #currency #lifestyle,"795619587475800064",https://twitter.com/NewVisionIFA/status/795619587475800064
Housing_Finance,2016-11-07 19:00,0,0,"Ameriprise emerges as serious bidder for Pioneer #currency http://www. ft.com/cms/s/0/069bee f4-a42f-11e6-8b69-02899e8bd9d1.html?ftcamp=published_links%2Frss%2Fcompanies_financial-services%2Ffeed%2F%2Fproduct …",,,#currency,"795619326221029376",https://twitter.com/Housing_Finance/status/795619326221029376
cryptinsight,2016-11-07 18:50,0,0,"Jak mogłoby wyglądać społeczeństwo bez gotówki? #digital #Currency http:// bit.ly/2f9rPFj",,,#digital #Currency,"795616898218127361",https://twitter.com/cryptinsight/status/795616898218127361
SmarPozyczka,2016-11-07 18:50,0,0,"Gotówka dla hipsterów? Czy, aby na pewno? Sprawdź. http:// bit.ly/2evDt9v #digital #Currency @EPC_SEPA @finnovation_pl pic.twitter.com/ZiZy0oFbjB",,@EPC_SEPA @finnovation_pl,#digital #Currency,"795616888848060417",https://twitter.com/SmarPozyczka/status/795616888848060417
athenatradewind,2016-11-07 18:45,0,1,"#Currency #Euro 1.1055 #INR 66.75 #UAH 25.56 #Rub 63.83 RM 4.211 #forex",,,#Currency #Euro #INR #UAH #Rub #forex,"795615647774359552",https://twitter.com/athenatradewind/status/795615647774359552
ForexOptimum_,2016-11-07 18:42,0,0,"TECHNICAL ANALYSIS 07.11.2016 http:// forexoptimum.com/analytics/revi ew/07112016 … #trading #forex #currency #analytics #currencytrading #market #forex_news pic.twitter.com/NVxnUV6cp8",,,#trading #forex #currency #analytics #currencytrading #market #forex_news,"795614845429227520",https://twitter.com/ForexOptimum_/status/795614845429227520
CAD_USD_BOT,2016-11-07 18:37,0,0,"Canadian Dollar is worth: 0.7464 USD @8:07 EST #CAD #USDTOCAD #USDCAD #CURRENCY #BOT",,@8,#CAD #USDTOCAD #USDCAD #CURRENCY #BOT,"795613545492836352",https://twitter.com/CAD_USD_BOT/status/795613545492836352
FAquila,2016-11-07 18:34,0,0,"Euro founding father Otmar Issing warns about project's future #euro #EURO2016 #Currency http://www. bbc.co.uk/news/business- 37859684 …",,,#euro #EURO2016 #Currency,"795612772419649536",https://twitter.com/FAquila/status/795612772419649536
forexstay,2016-11-07 18:33,0,0,"Closed Sell #FXSTREETNEWS #CURRENCY #MONEY #HOMEBUSINESS EURUSD 1.10725 for +16.0 pips, total for today +104.0 pips http:// free30usd.com",,,#FXSTREETNEWS #CURRENCY #MONEY #HOMEBUSINESS,"795612695873593345",https://twitter.com/forexstay/status/795612695873593345
bestfxrates,2016-11-07 18:32,0,0,"Canadian Dollar – Mon Nov 7: CAD Up vs USD, EUR, GBP & PHP and Down vs MXN. #fx #forex #currency http:// bestexchangerates.com/blog/canadian- dollar-mon-nov-7-cad-up-vs-usd-eur-gbp-php-and-down-vs-mxn/7349 …",,,#fx #forex #currency,"795612349117906944",https://twitter.com/bestfxrates/status/795612349117906944
FCECornwall,2016-11-07 18:30,0,0,"Sign up to our Currency Hub for the insights that help you make better #currency transfer decisions http:// bit.ly/2fwVPYI pic.twitter.com/kO1TVZEnTC",,,#currency,"795612005927362560",https://twitter.com/FCECornwall/status/795612005927362560
BitcoinKurs,2016-11-07 18:30,0,0,"Aktueller Bitcoin.de Kurs: 636.76 Euro. #bitcoin #btc #kurs #currency #satoshi by capsload.it",,,#bitcoin #btc #kurs #currency #satoshi,"795611889392898048",https://twitter.com/BitcoinKurs/status/795611889392898048
saul42,2016-11-07 18:30,1,0,"#Currency wars gather momentum with #Brexit http:// bit.ly/2ajhO6I pic.twitter.com/yOoAxxl0Ll",,,#Currency #Brexit,"795611767934218241",https://twitter.com/saul42/status/795611767934218241
Joshua_Komolafe,2016-11-07 18:28,0,0,"The most expensive #currency in the world is your good name. For it is far more than gold or silver. Protecting your good name = priceless",,,#currency,"795611390493020160",https://twitter.com/Joshua_Komolafe/status/795611390493020160
NSFX_Trading,2016-11-07 18:25,0,0,"Discover how to #trade #currency pairs with #NSFX instruments! #forex #trading $ earn #profit #finance http:// ow.ly/N6us305GCvz pic.twitter.com/sbw2zntvyb",,,#trade #currency #NSFX #forex #trading #profit #finance,"795610564554850305",https://twitter.com/NSFX_Trading/status/795610564554850305
JeffSnider_AIP,2016-11-07 18:10,1,5,"Elements Of Money http://www. alhambrapartners.com/2016/11/04/ele ments-of-money/ … #capitalism #dollar #eurodollar #gold #interestrates #money #m1 #m2 #m3 #economy #currency",,,#capitalism #dollar #eurodollar #gold #interestrates #money #m1 #m2 #m3 #economy #currency,"795606862049804288",https://twitter.com/JeffSnider_AIP/status/795606862049804288
spetrovsvads,2016-11-07 17:58,0,0,"Chinese foreign #currency reserves shrank in #October – #Economics Wire http://www. economicswire.net/chinese-foreig n-currency-reserves-shrank-in-october.html …",,,#currency #October #Economics,"795603867958472706",https://twitter.com/spetrovsvads/status/795603867958472706
SiriusNews_com,2016-11-07 17:52,0,0,"FREE to Join - Get the New Coin. #ILCoin is the New #Digital #Currency Revolution. sign up NOW http:// dld.bz/dBdJu pic.twitter.com/q2CvFbr41i",,,#ILCoin #Digital #Currency,"795602427076628481",https://twitter.com/SiriusNews_com/status/795602427076628481
CAD_USD_BOT,2016-11-07 17:37,0,0,"Canadian Dollar is worth: 0.7461 USD @7:07 EST #CAD #USDTOCAD #USDCAD #CURRENCY #BOT",,@7,#CAD #USDTOCAD #USDCAD #CURRENCY #BOT,"795598445839085568",https://twitter.com/CAD_USD_BOT/status/795598445839085568
forexknowhow,2016-11-07 17:33,0,0,"Charts and levels: <b>Forex</b> technical levels to watch ahead of the US… https:// goo.gl/fb/3mhk9v #currency",,,#currency,"795597634354499585",https://twitter.com/forexknowhow/status/795597634354499585
forexknowhow,2016-11-07 17:33,0,0,"US dollar closes higher on Taipei <b>forex</b> https:// goo.gl/fb/9THW11 #currency",,,#currency,"795597633419153408",https://twitter.com/forexknowhow/status/795597633419153408
forexstay,2016-11-07 17:31,0,0,"Closed Sell #EGYPT #KSA #FXSTREETNEWS #CURRENCY #MONEY EURUSD 1.10728 for +16.0 pips, total for today +86.0 pips http:// free30usd.com",,,#EGYPT #KSA #FXSTREETNEWS #CURRENCY #MONEY,"795596942898298882",https://twitter.com/forexstay/status/795596942898298882
iress_africa,2016-11-07 17:30,0,0,"The latest @etmanalytics #Weekly #Currency #Outlook by @ManishaMorar http:// bit.ly/ETMAnalyticsIn sights … pic.twitter.com/llVLMVofuj",,@etmanalytics @ManishaMorar,#Weekly #Currency #Outlook,"795596794017312768",https://twitter.com/iress_africa/status/795596794017312768
UN_Agency,2016-11-07 17:27,0,0,"Balance Of . @NBUkraine Interventions On Interbank #Currency Market Positive At USD 274.5 Million In October",,@NBUkraine,#Currency,"795596046374211584",https://twitter.com/UN_Agency/status/795596046374211584
UN_Agency,2016-11-07 17:27,0,0,"Volume Of Operations On Interbank #Currency Market Down 3.6% To USD 11.8 Billion In October",,,#Currency,"795595921627213824",https://twitter.com/UN_Agency/status/795595921627213824
UN_Agency,2016-11-07 17:26,0,0,"Population Sells #Currency Totaling USD 113.9 Million More Than Buys In October",,,#Currency,"795595687341817856",https://twitter.com/UN_Agency/status/795595687341817856
HiFX,2016-11-07 17:19,0,0,"[VIDEO] Will the #USElection provide another curveball for the #currency markets? http:// bit.ly/2fvjieA pic.twitter.com/GCUzSkXW2C",,,#USElection #currency,"795594072513802240",https://twitter.com/HiFX/status/795594072513802240
Currencywire,2016-11-07 17:19,0,0,"Going #Abroad During The #Festive Period? Make Huge #Savings On #Currency Payments With Currency Wire! pic.twitter.com/rbEtoQHjum",,,#Abroad #Festive #Savings #Currency,"795594011952214017",https://twitter.com/Currencywire/status/795594011952214017
ZiggyFX,2016-11-07 17:17,4,3,"Join @PipCzar #Forex #ForexTrading #currency #Free #Webinar https:// attendee.gotowebinar.com/register/28723 16170447324930 … Starts in 10 Minutes pic.twitter.com/LWYnuaHKcS",,@PipCzar,#Forex #ForexTrading #currency #Free #Webinar,"795593632124440576",https://twitter.com/ZiggyFX/status/795593632124440576
RKrivoFX,2016-11-07 17:10,0,0,"A Stop List for #Traders http://www. newtraderu.com/2016/07/20/tra ders-stop-list/ … #Currency #Trading #Forex #TradingRules",,,#Traders #Currency #Trading #Forex #TradingRules,"795591735032348672",https://twitter.com/RKrivoFX/status/795591735032348672
fxnews_call,2016-11-07 17:04,1,0,"#GBPUSD Pair: Pound Won’t Rise above 1.2650 http://www. fxnewscall.com/gbpusd-pair-po und-wont-rise-above-1-2650/1958762/ … #Brexit #UKEconomy #Currency",,,#GBPUSD #Brexit #UKEconomy #Currency,"795590261262815233",https://twitter.com/fxnews_call/status/795590261262815233
Frashen,2016-11-07 17:00,0,0,"How to Manage #Money for Travel http:// frashen.com/manage-money-t ravel/?utm_source=ReviveOldPost&utm_medium=social&utm_campaign=ReviveOldPost … #currency #hotels #resources",,,#Money #currency #hotels #resources,"795589122144567296",https://twitter.com/Frashen/status/795589122144567296
MarketingPicz,2016-11-07 16:57,0,0,"Photo Tip No 39 Stock photo Yuan Currency Devaluation http:// dld.bz/dQtkG … #dollar #currency #yuan #china pic.twitter.com/TajLUuArqB",,,#dollar #currency #yuan #china,"795588472165855232",https://twitter.com/MarketingPicz/status/795588472165855232
OmarEL_N,2016-11-07 16:55,0,0,"#Nigeria ’s case study on how not to float your #currency http:// buff.ly/2fvCQ0J",,,#Nigeria #currency,"795587864729976832",https://twitter.com/OmarEL_N/status/795587864729976832
2DollarInvestor,2016-11-07 16:52,0,1,"Who's up prepping for the markets today? #stocks #currency #healthcare #tech #money #trading #investing #Daytrading #fortune #AI #BigData",,,#stocks #currency #healthcare #tech #money #trading #investing #Daytrading #fortune #AI #BigData,"795587155099787266",https://twitter.com/2DollarInvestor/status/795587155099787266
2DollarInvestor,2016-11-07 16:51,1,0,"Good Morning!! #stocks #currency #healthcare #tech #money #trading #investing #financial #Daytrading #wallstreet #fortune #AI #BigData",,,#stocks #currency #healthcare #tech #money #trading #investing #financial #Daytrading #wallstreet #fortune #AI #BigData,"795587055648735232",https://twitter.com/2DollarInvestor/status/795587055648735232
MEEDHossam,2016-11-07 16:51,0,0,"#Egyptian #contractors unhappy with #government #contracts #forex #currency #construction #housing https://www. meed.com/sectors/constr uction/egyptian-contractors-unhappy-with-government-contracts/5009167.article#.WCBjijuUWTA.twitter …",,,#Egyptian #contractors #government #contracts #forex #currency #construction #housing #,"795586857358782464",https://twitter.com/MEEDHossam/status/795586857358782464
rnapoint,2016-11-07 16:47,0,0,"Reserve Bank of India to issue Rs 2,000 notes soon: Report Read @http:// rnapoint.com/NewsExpressVie w.aspx?NEID=64 … #rbi #rbi16 #india #Currency pic.twitter.com/rnCAScYQgG",,@http,#rbi #rbi16 #india #Currency,"795586025498128385",https://twitter.com/rnapoint/status/795586025498128385
locsei,2016-11-07 16:44,0,0,"Sterling versus the Euro. It's not pretty. #brexitdisaster #brexitshambles #brexit #euro #pount #sterling #tanked #currency pic.twitter.com/opSZVUPf6W",,,#brexitdisaster #brexitshambles #brexit #euro #pount #sterling #tanked #currency,"795585267570737152",https://twitter.com/locsei/status/795585267570737152
CAD_USD_BOT,2016-11-07 16:37,0,0,"Canadian Dollar is worth: 0.7459 USD @6:07 EST #CAD #USDTOCAD #USDCAD #CURRENCY #BOT",,@6,#CAD #USDTOCAD #USDCAD #CURRENCY #BOT,"795583346122309634",https://twitter.com/CAD_USD_BOT/status/795583346122309634
ChannelUnity,2016-11-07 16:31,0,0,"UK SMEs facing £34.6bn US election currency risk - http:// tamebay.com/2016/11/uk-sme s-facing-34-6bn-us-election-currency-risk.html … #Currency #Ecommerce",,,#Currency #Ecommerce,"795581889172148224",https://twitter.com/ChannelUnity/status/795581889172148224
BitcoinKurs,2016-11-07 16:30,0,0,"Aktueller Bitcoin.de Kurs: 637.23 Euro. #bitcoin #btc #kurs #currency #satoshi by capsload.it",,,#bitcoin #btc #kurs #currency #satoshi,"795581687082188800",https://twitter.com/BitcoinKurs/status/795581687082188800
HaloFinancial,2016-11-07 16:30,0,0,"Today's #Currency insights are about the #US Presidential #Election . http:// bit.ly/2fT5RHY pic.twitter.com/W6THyqoYcT",,,#Currency #US #Election,"795581648351989761",https://twitter.com/HaloFinancial/status/795581648351989761
RKrivoFX,2016-11-07 16:28,0,0,"What you can learn from the greatest #rader of all time? http://www. traderplanet.com/articles/view/ 170349-what-you-can-learn-from-the-greatest-trader-of-all-time/ … … via @TraderPlanet #Currency #Trading #Forex #Livermore pic.twitter.com/N8rN0QxNRT",,@TraderPlanet,#rader #Currency #Trading #Forex #Livermore,"795581117239881728",https://twitter.com/RKrivoFX/status/795581117239881728
loanpackager,2016-11-07 16:25,0,1,"#Euro founder Otmas Issing issues warning over #Eurozone deficiencies http://www. bbc.co.uk/news/business- 37859684 … #finance #business #money #Currency #news pic.twitter.com/6Uy53pZH0G",,,#Euro #Eurozone #finance #business #money #Currency #news,"795580468615843840",https://twitter.com/loanpackager/status/795580468615843840
saul42,2016-11-07 16:24,0,1,"#Negative #rates and #currency wars will lead to higher stock market prices http:// bit.ly/1Z0z8wE pic.twitter.com/1j6WaYjXwv",,,#Negative #rates #currency,"795580294204100608",https://twitter.com/saul42/status/795580294204100608
RKrivoFX,2016-11-07 16:23,0,0,"#Dollar index bounces back after latest #FBI conclusions - http:// invst.ly/2pjpl #Currency #Trading #Forex #Politics #Economics",,,#Dollar #FBI #Currency #Trading #Forex #Politics #Economics,"795579870357110784",https://twitter.com/RKrivoFX/status/795579870357110784
atwexchange,2016-11-07 16:22,1,2,"This is Being Where you need ATW. http:// AtwExchange.com #Currencyexchange #Currency #Sendmoney #transfermoney #atwexchange #digitalwallet pic.twitter.com/CuvU7yenBg",,,#Currencyexchange #Currency #Sendmoney #transfermoney #atwexchange #digitalwallet,"795579569872875520",https://twitter.com/atwexchange/status/795579569872875520
TorFX,2016-11-07 16:21,1,1,"#Brexit triggered some pretty extreme movements in the #currency market, but what does this mean for #expats ? https:// twitter.com/Expatica/statu s/795579127080292352 …",,,#Brexit #currency #expats,"795579365190930432",https://twitter.com/TorFX/status/795579365190930432
Expatica,2016-11-07 16:20,1,1,"What impact has #Brexit had on #currency #exchange rates for #expats ? http:// ow.ly/ubku305Ac0e @TorFX pic.twitter.com/u8hMQCCSxr",,@TorFX,#Brexit #currency #exchange #expats,"795579127080292352",https://twitter.com/Expatica/status/795579127080292352
RKrivoFX,2016-11-07 16:15,0,0,"#FX Update: Last minute #FBI about-face boosts #USD https://www. tradingfloor.com/posts/fx-updat e-last-minute-fbi-about-face-boosts-usd-8193524 … #Currency #Trading #Forex #Dollar #Election #Politics",,,#FX #FBI #USD #Currency #Trading #Forex #Dollar #Election #Politics,"795577799029485568",https://twitter.com/RKrivoFX/status/795577799029485568
QYResearchGrp,2016-11-07 16:12,0,0,"Global #Currency #Count #Machine Industry 2016 Market Research Report http:// bit.ly/2fwWTfj Get Sample Report @http:// bit.ly/2f94zqR pic.twitter.com/0dxv6qBKgZ",,@http,#Currency #Count #Machine,"795577255623700480",https://twitter.com/QYResearchGrp/status/795577255623700480
Tradingbanks,2016-11-07 16:11,0,0,"Market Events Today November 7, 2016 http:// bit.ly/2fT7rJC #tradingbanks #sixt #usd #nzd #eur #jpy #vix #nasdaq #aud #cad #chf #currency pic.twitter.com/HoAGenOTCs",,,#tradingbanks #sixt #usd #nzd #eur #jpy #vix #nasdaq #aud #cad #chf #currency,"795576781466013696",https://twitter.com/Tradingbanks/status/795576781466013696
RKrivoFX,2016-11-07 16:09,0,1,"Don't worry when the #StockMarket goes crazy after the #Election http:// bloom.bg/2fweHa5 via @markets #Currency #Trading #Forex #WallSt #USD",,@markets,#StockMarket #Election #Currency #Trading #Forex #WallSt #USD,"795576300090130432",https://twitter.com/RKrivoFX/status/795576300090130432
RKrivoFX,2016-11-07 16:04,0,0,"Mexican #Peso Jumps With Global #Stocks as #Clinton ’s #FBI Woes Ease http:// bloom.bg/2fvpYYm via @markets #Currency #Trading #Forex #Mexico",,@markets,#Peso #Stocks #Clinton #FBI #Currency #Trading #Forex #Mexico,"795575117376061441",https://twitter.com/RKrivoFX/status/795575117376061441
IntFx,2016-11-07 16:00,0,0,"It's Monday! Send money to friends & relatives abroad with our NO FEES Foreign Exchange Service. FANTASTIC RATES! #Forex #Currency",,,#Forex #Currency,"795574066350555136",https://twitter.com/IntFx/status/795574066350555136
RKrivoFX,2016-11-07 15:57,0,0,"AM Strong/Weak #Currency Analysis: Strong- NZD,AUD,CHF; Weak- CAD,JPY,GBP Questions on using this data? RKrivoFX@gmail.com #Trading #Forex",,@gmail,#Currency #Trading #Forex,"795573324252401670",https://twitter.com/RKrivoFX/status/795573324252401670
currencyking01,2016-11-07 15:55,0,0,"Exchange Rates for 7 November €1.1025 $1.2225 Cashing back €1.20 $1.33 #currency #edinburgh#Currency Edinburgh#currency exchange edinburgh",,,#currency #edinburgh #Currency #currency,"795572828254957568",https://twitter.com/currencyking01/status/795572828254957568
pymnts,2016-11-07 15:45,4,2,"eCurrency #Mint and #BRM announced the creation of a digital #currency for West Africa. http:// ow.ly/9bBO305UQI8",,,#Mint #BRM #currency,"795570305607548929",https://twitter.com/pymnts/status/795570305607548929
CAD_USD_BOT,2016-11-07 15:37,0,0,"Canadian Dollar is worth: 0.7456 USD @5:07 EST #CAD #USDTOCAD #USDCAD #CURRENCY #BOT",,@5,#CAD #USDTOCAD #USDCAD #CURRENCY #BOT,"795568246393044992",https://twitter.com/CAD_USD_BOT/status/795568246393044992
saul42,2016-11-07 15:36,1,0,"#NegativeRate wars will continue until we have another major #currency meltdown http:// bit.ly/2bfH9wG",,,#NegativeRate #currency,"795568072816005120",https://twitter.com/saul42/status/795568072816005120
VVCBITCOINcom,2016-11-07 15:34,1,1,"It's a testing environment for #bitcoin exchanges - http://www. bankingtech.com/563212/testing -environment-for-bitcoin-exchanges/ … #bitcoins #currency #money #finances #financial #finance #tech pic.twitter.com/kkP56aXjhv",,,#bitcoin #bitcoins #currency #money #finances #financial #finance #tech,"795567586373226498",https://twitter.com/VVCBITCOINcom/status/795567586373226498
FCExchange,2016-11-07 15:30,1,1,"Weekly #currency review from our London desk: was it really the best #sterling week since Brexit? http:// bit.ly/2fKu43G pic.twitter.com/ZexW7kHNBw",,,#currency #sterling,"795566486446362624",https://twitter.com/FCExchange/status/795566486446362624
SmartCBusiness,2016-11-07 15:28,0,0,"Our latest daily #currency update is live now: US #elections to rock #markets ? http://www. smartcurrencybusiness.com/news/currency- note/us-elections-to-rock-markets/ …",,,#currency #elections #markets,"795566056400179200",https://twitter.com/SmartCBusiness/status/795566056400179200
BlackPearlFX,2016-11-07 15:26,0,0,"The #EURUSD rose during the last week. In the US, the FED and the NFP had their word ahead of the elections. #Currency #Bearish pic.twitter.com/UVHlHgUeew",,,#EURUSD #Currency #Bearish,"795565628220379136",https://twitter.com/BlackPearlFX/status/795565628220379136
bestfxrates,2016-11-07 15:23,0,0,"US Dollar Rallies, GBP USD Slides #fx #forex #currency http:// bestexchangerates.com/blog/us-dollar -rallies-gbp-usd-slides/7345 …",,,#fx #forex #currency,"795564786704642049",https://twitter.com/bestfxrates/status/795564786704642049
FXFair_broker,2016-11-07 15:22,0,2,"The $ ↑ after the news that #HillaryClinton wouldn't face criminal charges. Profit from #currency moves with us: http:// goo.gl/c1dJ7a pic.twitter.com/N8yTE7hyl0",,,#HillaryClinton #currency,"795564696455774208",https://twitter.com/FXFair_broker/status/795564696455774208
freshbusiness,2016-11-07 15:19,0,2,"Small businesses face £34.6bn US election #currency #risk http://www. freshbusinessthinking.com/?p=94901",,,#currency #risk,"795563696114143232",https://twitter.com/freshbusiness/status/795563696114143232
TorFX,2016-11-07 15:17,0,0,"#Trump Victory Could Push the Pound Higher Vs US Dollar - #Currency Volatility Forecast on US Election Result http:// ow.ly/u9w4305V54e pic.twitter.com/KL2fH7AUly",,,#Trump #Currency,"795563423056719872",https://twitter.com/TorFX/status/795563423056719872
ZenzoLusengo,2016-11-07 15:15,0,1,"Zimbabwe Business Lobby Urges Switch to Rand as Primary #Currency http:// bloom.bg/2euurtv via @markets #Zimbabwe #bondnotes #whatismoney",,@markets,#Currency #Zimbabwe #bondnotes #whatismoney,"795562924492341248",https://twitter.com/ZenzoLusengo/status/795562924492341248
forexknowhow,2016-11-07 15:13,0,0,"Breaking news https:// goo.gl/fb/tKAdpq #currency",,,#currency,"795562390003863552",https://twitter.com/forexknowhow/status/795562390003863552
forexknowhow,2016-11-07 15:13,0,0,"Global shares lifted by news FBI not to charge Clinton https:// goo.gl/fb/N0RKhW #currency",,,#currency,"795562389152395264",https://twitter.com/forexknowhow/status/795562389152395264
ApnaBannu,2016-11-07 15:12,0,0,"- Open Market Rate 07-11-2016: Aud: 80.5/81.5 Eur: 116.50/117.5 SR: 28.10/28.30 UAE: 28.75/28.95 UK: 130.5/131.5 US: 105.90/106.20 #Currency",,,#Currency,"795562039712370688",https://twitter.com/ApnaBannu/status/795562039712370688
FastCashCompany,2016-11-07 15:11,0,0,"Buy and sell your currency with us! The best rates on the High Street! Visit our website for more info: http:// ow.ly/ttbv305V4qJ #Currency pic.twitter.com/6t4yJrftXb",,,#Currency,"795561745708417024",https://twitter.com/FastCashCompany/status/795561745708417024
WorldFirstUK,2016-11-07 15:01,4,1,"Our Q3 2016 Global Trade Barometer reveals a £34.6bn #currency risk to UK #SMEs ahead of the #USelection http:// ow.ly/jneG305V2V1 pic.twitter.com/tvViwjOeh8",,,#currency #SMEs #USelection,"795559172268027904",https://twitter.com/WorldFirstUK/status/795559172268027904
firstratefx,2016-11-07 15:00,0,0,"#Currency Update * EUR German Factory Orders m/m * GBP Halifax HPI m/m * EUR Eurogroup Meetings",,,#Currency,"795559151795572736",https://twitter.com/firstratefx/status/795559151795572736
freemarketfx,2016-11-07 14:58,0,3,"Seriously, though: just how small is our fixed 0.2% fee on #currency exchanges? #SME #startup #SmallBiz pic.twitter.com/DBUdIG14Lc",,,#currency #SME #startup #SmallBiz,"795558429519712256",https://twitter.com/freemarketfx/status/795558429519712256
Jedi_Pite_Bre,2016-11-07 14:54,0,0,"#Euro #Currency one massive experiment to rob hard working Europeans http:// bit.ly/2d0cbc3 pic.twitter.com/opNUNue7K4",,,#Euro #Currency,"795557558190804992",https://twitter.com/Jedi_Pite_Bre/status/795557558190804992
iamrahuloberoi,2016-11-07 14:53,0,0,"#Rupee sails through rough waters; may hit 2013 lows in Nov-Dec | http:// economictimes.indiatimes.com/articleshow/55 289491.cms?utm_source=contentofinterest&utm_medium=text&utm_campaign=cppst … http:// ecoti.in/EEZq4Y #currency",,,#Rupee #currency,"795557158494404609",https://twitter.com/iamrahuloberoi/status/795557158494404609
TDDirect_UK,2016-11-07 14:51,2,0,"Are there benefits to be gained from a weaker $ GBP ? http:// buff.ly/2eEy2bx Capital at risk #currency pic.twitter.com/NCCiUo797V",,,#currency,"795556791987924992",https://twitter.com/TDDirect_UK/status/795556791987924992
PeriodPanteez,2016-11-07 14:50,0,0,"The effect you have on others is the most #valuable #currency there is. ~ @JimCarrey #SoTrue #Life #MakeaDifference",,@JimCarrey,#valuable #currency #SoTrue #Life #MakeaDifference,"795556524999528449",https://twitter.com/PeriodPanteez/status/795556524999528449
businessi12,2016-11-07 14:49,0,2,""Speed Is The New Currency Of Business"| #BusinessIntelligence #Currency #New #Success pic.twitter.com/KluSA99fpt",,,#BusinessIntelligence #Currency #New #Success,"795556213396303872",https://twitter.com/businessi12/status/795556213396303872
RightistsUnited,2016-11-07 14:45,0,0,"#currency New $100 Bill Decrypted Nuclear Devastation http:// bit.ly/2edkTbb http:// fb.me/49p4AFTs6",,,#currency,"795555333708070912",https://twitter.com/RightistsUnited/status/795555333708070912
amah14az,2016-11-07 14:45,0,0,"WooCommerce Currency Converter Widget 1.6.3 Extension http:// getlot.co/shop/woocommer ce-currency-converter-widget-extension/ … #WooCommerce #Currency #Converter #Widget #Extension #plugin",,,#WooCommerce #Currency #Converter #Widget #Extension #plugin,"795555167538135040",https://twitter.com/amah14az/status/795555167538135040
ArbeeAli,2016-11-07 14:39,0,0,"Interesting whats the wisdom behind this #forex #currency https:// twitter.com/moneyweb/statu s/795553052409417728 …",,,#forex #currency,"795553787859652608",https://twitter.com/ArbeeAli/status/795553787859652608
CAD_USD_BOT,2016-11-07 14:37,0,0,"Canadian Dollar is worth: 0.7461 USD @4:07 EST #CAD #USDTOCAD #USDCAD #CURRENCY #BOT",,@4,#CAD #USDTOCAD #USDCAD #CURRENCY #BOT,"795553146386939904",https://twitter.com/CAD_USD_BOT/status/795553146386939904
OptionScape1,2016-11-07 14:35,0,0,"OptionScape, the new gold standard in risk control #spy #eikon #markets #indices #currency #optionstrading http:// ow.ly/u6sc305Pa9B pic.twitter.com/Z8IcX2MU2m",,,#spy #eikon #markets #indices #currency #optionstrading,"795552682975051776",https://twitter.com/OptionScape1/status/795552682975051776
iCompareFX,2016-11-07 14:35,0,1,"A Guide to @MoneyGramMe Competitors and Alternatives http:// ow.ly/E2rK305Ui6Y #expats #currency #finance #transfermoney #wiretransfer",,@MoneyGramMe,#expats #currency #finance #transfermoney #wiretransfer,"795552663307948032",https://twitter.com/iCompareFX/status/795552663307948032
BitcoinKurs,2016-11-07 14:30,0,0,"Aktueller Bitcoin.de Kurs: 641.87 Euro. #bitcoin #btc #kurs #currency #satoshi by capsload.it",,,#bitcoin #btc #kurs #currency #satoshi,"795551489687224324",https://twitter.com/BitcoinKurs/status/795551489687224324
just4_children,2016-11-07 14:29,2,4,"@fourex #exchange your leftover #currency #fundraise for your campaign https:// youtu.be/bsWXQPwZMv4",,@fourex,#exchange #currency #fundraise,"795551182928416768",https://twitter.com/just4_children/status/795551182928416768
TrifidResearch,2016-11-07 14:13,0,0,"Easy #Currency Tips For #Forex Trading http://www. mcx-sx.co.in/easy-currency- tips-for-forex-trading … pic.twitter.com/s0OFpgfsjz",,,#Currency #Forex,"795547310990114816",https://twitter.com/TrifidResearch/status/795547310990114816
CoinsStore1v,2016-11-07 14:12,0,0,"#PaperMoney #Coins 2003 TEXAS #Coin AND #Currency SET ONLY 2000 ISSUED BOX/COA MATCHING #S SEALED http:// dlvr.it/McFxFN #Bargains #Forsale",,,#PaperMoney #Coins #Coin #Currency #S #Bargains #Forsale,"795546873129881601",https://twitter.com/CoinsStore1v/status/795546873129881601
fxonefa,2016-11-07 14:11,0,0,"UK: Halifax House Prices beat estimates at 1.4% MoM and are up from the prior figure of 0.1% (revised to 0.3%). #DataRelease #Currency",,,#DataRelease #Currency,"795546692875649029",https://twitter.com/fxonefa/status/795546692875649029
OSTCFXUK,2016-11-07 14:10,2,1,"Daily Newsletter Now Available: http://www. ostcfx.com/education-and- support/market-commentary/?id=1879 … #Forex #Newsletter #Currency #HappyMonday pic.twitter.com/Zn7GJVgHc0",,,#Forex #Newsletter #Currency #HappyMonday,"795546478257303552",https://twitter.com/OSTCFXUK/status/795546478257303552
DominoFxItalia,2016-11-07 14:06,0,0,"#DominoFX #EURUSD #GBPUSD #GOLD #OIL #SP500 #DAX #Currency #Election2016 #USA2016 #ClintonVsTrump @HillaryClinton @realDonaldTrump pic.twitter.com/fViUUNrZqq",,@HillaryClinton @realDonaldTrump,#DominoFX #EURUSD #GBPUSD #GOLD #OIL #SP500 #DAX #Currency #Election2016 #USA2016 #ClintonVsTrump,"795545389386571776",https://twitter.com/DominoFxItalia/status/795545389386571776
forexknowhow,2016-11-07 14:04,0,0,"Beat the Volatile Market with UAE Exchange '<b>Currency Exchange</b> Rate Alert' https:// goo.gl/fb/OvRs4H #currency",,,#currency,"795544839186157568",https://twitter.com/forexknowhow/status/795544839186157568
forexknowhow,2016-11-07 14:04,0,0,"UK SMEs facing £34.6bn US election <b>currency</b> risk https:// goo.gl/fb/K9jzgp #currency",,,#currency,"795544838343131136",https://twitter.com/forexknowhow/status/795544838343131136
SparklinGuy,2016-11-07 14:01,0,0,"Who all are waiting for the Rs. 2000 #currency note? http://www. wealthbuilder.co.in/news/current-a ffairs/item/7182-rbi-to-issue-2000-rupees-notes-coming-february-2017 … #india",,,#currency #india,"795544186401406976",https://twitter.com/SparklinGuy/status/795544186401406976
ArtworkCreative,2016-11-07 14:01,0,2,"#Weakerpound #imports becoming more expensive,less local #currency when changing #sterling abroad.At least #NHS benefits by £350M a week?",,,#Weakerpound #imports #currency #sterling #NHS,"795544170924490752",https://twitter.com/ArtworkCreative/status/795544170924490752
kghaspel,2016-11-07 14:00,0,0,"A Cashless Economy in Zimbabwe? With Little Cash, There’s Little Choice https://www. moptwo.com/KHaspel~39427 #cashless #currency #economy #Zimbabwe",,,#cashless #currency #economy #Zimbabwe,"795544021049307136",https://twitter.com/kghaspel/status/795544021049307136
IndiaRatings,2016-11-07 14:00,0,0,"Domestically, #currency and #debt markets are likely to take cues from global developments this week. Read http:// bit.ly/2fr5KjA #outlook",,,#currency #debt #outlook,"795543817571028995",https://twitter.com/IndiaRatings/status/795543817571028995
fx_swing,2016-11-07 13:44,0,2,"#AUDJPY #SELL 80.25 Final TP 300 pip TP each 50 pip SL 70 pips RISKY SMALL LOTS G. LUCK #Forex #فوركس #currency #عملات #signals #pips",,,#AUDJPY #SELL #Forex #فوركس #currency #عملات #signals #pips,"795540026260094976",https://twitter.com/fx_swing/status/795540026260094976
CAD_USD_BOT,2016-11-07 13:37,0,0,"Canadian Dollar is worth: 0.7462 USD @3:07 EST #CAD #USDTOCAD #USDCAD #CURRENCY #BOT",,@3,#CAD #USDTOCAD #USDCAD #CURRENCY #BOT,"795538046477275136",https://twitter.com/CAD_USD_BOT/status/795538046477275136
FxPlew,2016-11-07 13:35,0,0,"Mid-market #currency #rates #GBPUSD 1.2420 #GBPEUR 1.1230 #EURUSD 1.1060 #GBPAUD 1.6180 #GBPILS 4.7245 #GBPNZD 1.7000 #GBPAED 4.5600",,,#currency #rates #GBPUSD #GBPEUR #EURUSD #GBPAUD #GBPILS #GBPNZD #GBPAED,"795537619111251968",https://twitter.com/FxPlew/status/795537619111251968
4forexmarket,2016-11-07 13:35,0,0,"Forex Outlook For The Week November 7 – 11 http:// fxdailyreport.com/forex-outlook- week-november-7-11-2016 … #fx #forex #money #forextrading #forexnews #currency #USElections2016",,,#fx #forex #money #forextrading #forexnews #currency #USElections2016,"795537549771083776",https://twitter.com/4forexmarket/status/795537549771083776
bestfxrates,2016-11-07 13:30,0,1,"British Pound Sterling – Mon Nov 7: GBP Up vs CHF & JPY and Down vs USD, EUR, AUD, NZD & INR. #fx #forex #currency http:// bestexchangerates.com/blog/british-p ound-sterling-mon-nov-7-gbp-up-vs-chf-jpy-and-down-vs-usd-eur-aud-nzd-inr/7344 …",,,#fx #forex #currency,"795536504424697856",https://twitter.com/bestfxrates/status/795536504424697856
FEMarkets,2016-11-07 13:25,1,0,"#USElections2016 : World’s best #currency forecasters see #dollar rout on #DonaldTrump win http://www. financialexpress.com/world-news/us- elections-2016-worlds-best-currency-forecasters-see-dollar-rout-on-donald-trump-win/439877/ … pic.twitter.com/Tb4lxB464O",,,#USElections2016 #currency #dollar #DonaldTrump,"795535017258561536",https://twitter.com/FEMarkets/status/795535017258561536
salilverma1106,2016-11-07 13:22,0,0,"Doubling the biggest currency note will only DOUBLE the amount of corruption @RBI #inr2000 #Currency pic.twitter.com/952hdmtDt6",,@RBI,#inr2000 #Currency,"795534265014329344",https://twitter.com/salilverma1106/status/795534265014329344
tgifxae,2016-11-07 13:19,0,1,"SELL USD/CAD Entry 1.3380 Tp 1.3260 Sl 1.3480 #CAD #USD #SELL #Currency #فوركس #توصيات #TGIFX #Forex #أخبار #أفضل #FX #Invest #CFD 's",,,#CAD #USD #SELL #Currency #فوركس #توصيات #TGIFX #Forex #أخبار #أفضل #FX #Invest #CFD,"795533514775130112",https://twitter.com/tgifxae/status/795533514775130112
devildungeon,2016-11-07 13:17,0,0,"लो जी।। 2000 का नोट भी आगया स्वागत है चचा, सीधा अपनी जेब में एंट्री मारना @RBI @FinMinIndia #DelhiSmog #RBI #2000Note #Currency pic.twitter.com/z7Np5PLAgA",,@RBI @FinMinIndia,#DelhiSmog #RBI #2000Note #Currency,"795533041921708032",https://twitter.com/devildungeon/status/795533041921708032
Tanzeel_Akhtar,2016-11-07 13:14,1,1,"How fund investors can protect against #currency swings http://www. wsj.com/articles/how-f und-investors-can-protect-against-currency-swings-1478487841 … via @WSJ",,@WSJ,#currency,"795532266139226112",https://twitter.com/Tanzeel_Akhtar/status/795532266139226112
onestopbrokers,2016-11-07 13:13,1,0,"No matter who wins #USElection #markets are betting on one truly #safe #investment | #gold #currency #yen #Japan http:// bit.ly/2ftMlB3",,,#USElection #markets #safe #investment #gold #currency #yen #Japan,"795531991349415936",https://twitter.com/onestopbrokers/status/795531991349415936
4forexmarket,2016-11-07 13:09,0,0,"Learn #EURUSD , #USDJPY , #GBPUSD , #AUDUSD Characteristics http:// fxdailyreport.com/eurusd-gbpusd- usdjpy-audusd-major-currency-pairs-characteristics/ … #forex #currency $ EURUSD #GBPUSD $ USDJPY #AUDUSD #money",,,#EURUSD #USDJPY #GBPUSD #AUDUSD #forex #currency #GBPUSD #AUDUSD #money,"795531131244249088",https://twitter.com/4forexmarket/status/795531131244249088
4forexmarket,2016-11-07 13:05,0,0,"Daily #forex Technical Major Pairs Analysis November 7, 2016 http:// fxdailyreport.com/daily-forex-te chnical-major-pairs-analysis-november-7-2016/ … #fx #currency #forexnews #forexmarket #forextrading",,,#forex #fx #currency #forexnews #forexmarket #forextrading,"795530097423855616",https://twitter.com/4forexmarket/status/795530097423855616
2FXTreasury,2016-11-07 13:01,0,0,"#politicalrisk and #FX go hand in hand. #Currency investors need razor sharp #political instincts. http:// on.ft.com/2euBLoM",,,#politicalrisk #FX #Currency #political,"795529181677420544",https://twitter.com/2FXTreasury/status/795529181677420544
FinancialXpress,2016-11-07 12:54,0,2,"#USElections2016 : World’s best #currency forecasters see #dollar rout on #DonaldTrump win http://www. financialexpress.com/world-news/us- elections-2016-worlds-best-currency-forecasters-see-dollar-rout-on-donald-trump-win/439877/ … pic.twitter.com/qEgpokqS5B",,,#USElections2016 #currency #dollar #DonaldTrump,"795527438595801088",https://twitter.com/FinancialXpress/status/795527438595801088
YBG_Group,2016-11-07 12:40,1,0,"Best Rates for Forex - Get Connected to the Currency Index #Currency #Exchange #Forex http:// goo.gl/cWLLBt #Icons",,,#Currency #Exchange #Forex #Icons,"795523722912403456",https://twitter.com/YBG_Group/status/795523722912403456
CAD_USD_BOT,2016-11-07 12:37,0,0,"Canadian Dollar is worth: 0.7467 USD @2:07 EST #CAD #USDTOCAD #USDCAD #CURRENCY #BOT",,@2,#CAD #USDTOCAD #USDCAD #CURRENCY #BOT,"795522946697662464",https://twitter.com/CAD_USD_BOT/status/795522946697662464
OptionScape1,2016-11-07 12:35,0,0,"Professional options software at a budget price #spy #eikon #options #indices #currency #optionstrading http:// ow.ly/rR76305Pa9y pic.twitter.com/zYYFCwXBOF",,,#spy #eikon #options #indices #currency #optionstrading,"795522496808288256",https://twitter.com/OptionScape1/status/795522496808288256
fxonefa,2016-11-07 12:33,0,0,"The #DailyDose & #Currency with @Wayne_Rose26 . Today we look at the "peace deal" at UCT. http://www. fxonefa.co.za/news-view.aspx ?id=4b5b442a-5835-41b6-9b9b-87a25863265e …",,@Wayne_Rose26,#DailyDose #Currency,"795522053248008192",https://twitter.com/fxonefa/status/795522053248008192
bestfxrates,2016-11-07 12:30,0,0,"Euro – Mon Nov 7: EUR Up vs GBP & CHF and Down vs USD, AUD, CAD & INR. #fx #forex #currency http:// bestexchangerates.com/blog/euro-mon- nov-7-eur-up-vs-gbp-chf-and-down-vs-usd-aud-cad-inr/7343 …",,,#fx #forex #currency,"795521399695740929",https://twitter.com/bestfxrates/status/795521399695740929
BitcoinKurs,2016-11-07 12:30,0,0,"Aktueller Bitcoin.de Kurs: 632.2 Euro. #bitcoin #btc #kurs #currency #satoshi by capsload.it",,,#bitcoin #btc #kurs #currency #satoshi,"795521290438316032",https://twitter.com/BitcoinKurs/status/795521290438316032
SiriusNews_com,2016-11-07 12:29,0,0,"HERE IT IS. The Next #Crypto #Currency #Bitcoin . It is called #ILCoin Join FREE Today. Click here http:// buygold.ilgamos.com/buy?buy_type=1",,,#Crypto #Currency #Bitcoin #ILCoin,"795521112117510144",https://twitter.com/SiriusNews_com/status/795521112117510144
cnp_wire,2016-11-07 12:28,0,0,"#World #Currency #Markets brace for #China #reserve #shock http:// cnpwire.com/business/ Source: NZ Herald #business pic.twitter.com/n4DFYkrMgH",,,#World #Currency #Markets #China #reserve #shock #business,"795520730595102720",https://twitter.com/cnp_wire/status/795520730595102720
PMAuthority,2016-11-07 12:23,0,0,"#Good_morning Here's #currency exchange #rates for #Monday 07\11\2016, for more: http:// bit.ly/PMACurrency pic.twitter.com/sLonDCbxRk",,,#Good_morning #currency #rates #Monday,"795519536279732224",https://twitter.com/PMAuthority/status/795519536279732224
NRTKurdish,2016-11-07 12:16,0,6,"نرخی دراو لەکاتی کردنەوەی بازاڕدا http://www. nrttv.com/Details.aspx?J imare=53590 … #twitterkurds #Currency #Dollar pic.twitter.com/YsXgDqYjez",,,#twitterkurds #Currency #Dollar,"795517737749671936",https://twitter.com/NRTKurdish/status/795517737749671936
iimoneymaker,2016-11-07 12:15,0,0,"#Currency #Trading is the buying and selling of currency on the foreign exchange market for the purpose of making money.",,,#Currency #Trading,"795517533075836929",https://twitter.com/iimoneymaker/status/795517533075836929
Megan_and_Grrr,2016-11-07 12:05,0,0,"Do you run a blog or website on #Forex trading? #niche #PLR #content on #currency #trading to add to your website http:// smarturl.it/forextrading?I Qid=jbhowto … pic.twitter.com/mH5VI7U9T9",,,#Forex #niche #PLR #content #currency #trading,"795514942979862528",https://twitter.com/Megan_and_Grrr/status/795514942979862528
richahot,2016-11-07 11:57,0,0,"#Currency #Trading is the buying and selling of currency on the foreign exchange market for the purpose of making money. @iimoneymaker",,@iimoneymaker,#Currency #Trading,"795513092591337472",https://twitter.com/richahot/status/795513092591337472
JavascriptQnA,2016-11-07 11:57,0,0,"How can I format numbers as money in JavaScript? #javascript #formatting #currency https:// goo.gl/Ixqzf9",,,#javascript #formatting #currency,"795512883358486528",https://twitter.com/JavascriptQnA/status/795512883358486528
GoodreturnsTa,2016-11-07 11:47,0,1,"சிங்கப்பூர் டாலருக்கு எதிரான இந்திய ரூபாயின் மதிப்பு #Currency #Calculator #Forex http:// tamil.goodreturns.in/currency/singa pore-dollar-sgd-to-indian-rupee-inr-converter.html … pic.twitter.com/BNRn7DRnfP",,,#Currency #Calculator #Forex,"795510384564146176",https://twitter.com/GoodreturnsTa/status/795510384564146176
forexknowhow,2016-11-07 11:41,0,0,"Asia <b>FX</b> dwindles as FBI's clean chit for Clinton boosts dollar https:// goo.gl/fb/YIbtLa #currency",,,#currency,"795509013056102400",https://twitter.com/forexknowhow/status/795509013056102400
CoinsStore1v,2016-11-07 11:09,0,0,"#PaperMoney #Coins Play #Money Set with Bills & #Coin in Tray - 60 Pieces Fake #Currency (2 Pack) http:// dlvr.it/McCh91 #Bargains #Forsale",,,#PaperMoney #Coins #Money #Coin #Currency #Bargains #Forsale,"795500819952988160",https://twitter.com/CoinsStore1v/status/795500819952988160
tradepedia,2016-11-07 11:02,0,0,"#DFM -Down move halted. #Stocks #Currency #Technicalanalysis #Shares #Trading #Analysis #Investments #Stockmarket ... http:// fb.me/Ytgy8JhU",,,#DFM #Stocks #Currency #Technicalanalysis #Shares #Trading #Analysis #Investments #Stockmarket,"795499260687040512",https://twitter.com/tradepedia/status/795499260687040512
warauha,2016-11-07 11:01,0,0,"learn more about #Denmark #country #codes #ISO codes #internet #calling codes #Currency #Olympics #vehicle http://www. country-codes.net/denmark-countr y-codes.php … pic.twitter.com/OFhwQJmVbo",,,#Denmark #country #codes #ISO #internet #calling #Currency #Olympics #vehicle,"795499006608703488",https://twitter.com/warauha/status/795499006608703488
CAD_USD_BOT,2016-11-07 10:37,0,0,"Canadian Dollar is worth: 0.7465 USD @0:07 EST #CAD #USDTOCAD #USDCAD #CURRENCY #BOT",,@0,#CAD #USDTOCAD #USDCAD #CURRENCY #BOT,"795492747008471040",https://twitter.com/CAD_USD_BOT/status/795492747008471040
forexknowhow,2016-11-07 10:32,0,0,"Target <b>Trading</b> in the <b>Forex</b> week of Nov 6th, 2016 EU,UJ,GU,AU https:// goo.gl/fb/x3C2yF #currency",,,#currency,"795491586348089344",https://twitter.com/forexknowhow/status/795491586348089344
forexknowhow,2016-11-07 10:32,0,0,"Yuan weakens ahead of October <b>foreign exchange</b> reserves data https:// goo.gl/fb/YCCIOI #currency",,,#currency,"795491578005561344",https://twitter.com/forexknowhow/status/795491578005561344
josephjett,2016-11-07 10:28,1,2,"#Bitcoin and the Painful Art of Wrist Slitting - http:// joseph-jett.com/featured/bitco … pic.twitter.com/ZaGE4Amk5F #currency #business #forex",,,#Bitcoin #currency #business #forex,"795490650338770944",https://twitter.com/josephjett/status/795490650338770944
Sentifi_SG,2016-11-07 10:27,0,0,"Check out the financial crowd's voices discussing about $ GBP and $ USD as #Election2016 edges closer #currency https:// goo.gl/u6nemK pic.twitter.com/1XKDa1Zf7u",,,#Election2016 #currency,"795490379382419456",https://twitter.com/Sentifi_SG/status/795490379382419456
JanSchoombee,2016-11-07 10:24,0,2,"What to watch in global #markets . #currency , #bonds & #equity with #us #Election2016 2 days out from bloomberg http://www. bloomberg.com/politics/artic les/2016-11-06/u-s-election-guide-to-markets-what-to-watch-with-2-days-to-go … pic.twitter.com/U2lZJG71Hi",,,#markets #currency #bonds #equity #us #Election2016,"795489494346727424",https://twitter.com/JanSchoombee/status/795489494346727424
studionationale,2016-11-07 10:12,0,1,"The New £1 Coin https:// youtu.be/5sLhzorMQMc #theroyalmint #1pound #coin #currency #securecurrency #securityfeatures",,,#theroyalmint #1pound #coin #currency #securecurrency #securityfeatures,"795486649681465344",https://twitter.com/studionationale/status/795486649681465344
GJEPCIndia,2016-11-07 10:00,0,1,"You need not look further; check current #metal and #currency rates here - http:// gjepc.org/gold_rates.php",,,#metal #currency,"795483528112836612",https://twitter.com/GJEPCIndia/status/795483528112836612
ILCoins,2016-11-07 09:51,0,0,"FREE to Join - Get the New Coin. #ILCoin is the New #Digital #Currency Revolution. sign up NOW http:// dld.bz/dBdJu pic.twitter.com/ptqv3FXTyq",,,#ILCoin #Digital #Currency,"795481360274194432",https://twitter.com/ILCoins/status/795481360274194432
SterlingFinan,2016-11-07 09:38,0,0,"In #currency & #forex #news the US #dollar is up on Monday but the #Mexican #peso rose even more",,,#currency #forex #news #dollar #Mexican #peso,"795477931749470208",https://twitter.com/SterlingFinan/status/795477931749470208
OdiliaAdvisors,2016-11-07 09:37,0,0,"#trading #Currency Buy USD/INR Nov Future 30 % at 66.86 40 % at 66.81 30 % at 66.78 Stop Loss : 66.71 Take Profit: 66.99 and 67.11",,,#trading #Currency,"795477706347425792",https://twitter.com/OdiliaAdvisors/status/795477706347425792
CAD_USD_BOT,2016-11-07 09:37,0,0,"Canadian Dollar is worth: 0.7468 USD @23:07 EST #CAD #USDTOCAD #USDCAD #CURRENCY #BOT",,@23,#CAD #USDTOCAD #USDCAD #CURRENCY #BOT,"795477647509831680",https://twitter.com/CAD_USD_BOT/status/795477647509831680
lifegamefun,2016-11-07 09:35,0,0,"#காந்தி #படம் இல்லாத ரூ.2000 #கரன்சி #நோட்கள் வெளியீடா? #india #currency #Images #supposed #Rs2000 #notes #emerge http://www. news2.in/2016/11/Images -of-supposed-new-Rs-2000-notes-emerge-on-Twitter.html#.WB_9YQWLrnA.twitter …",,,#க #படம #கரன #ந #india #currency #Images #supposed #Rs2000 #notes #emerge #,"795477291623137280",https://twitter.com/lifegamefun/status/795477291623137280
forexknowhow,2016-11-07 09:27,0,0,"More from Asakawa: If we see speculative movements in <b>FX</b>, may have to act https:// goo.gl/fb/cuqM5N #currency",,,#currency,"795475335475249157",https://twitter.com/forexknowhow/status/795475335475249157
m6688,2016-11-07 09:22,0,0,"#PennyFacts #Penny #Currency #US pic.twitter.com/dcrcPQySsP",,,#PennyFacts #Penny #Currency #US,"795473952990760960",https://twitter.com/m6688/status/795473952990760960
CoinsStore1v,2016-11-07 09:14,0,0,"#PaperMoney 1934 A Federal Reserve Note US #Currency , #Paper #Money $10 #Dollars http:// dlvr.it/McBRWR #eBay #Auction pic.twitter.com/GddcjQHMzF",,,#PaperMoney #Currency #Paper #Money #Dollars #eBay #Auction,"795471876591976448",https://twitter.com/CoinsStore1v/status/795471876591976448
saul42,2016-11-07 09:12,0,1,"#Euro #Currency one massive experiment to rob hard working Europeans http:// bit.ly/2d0cbc3 pic.twitter.com/YAXZ8ciK1t",,,#Euro #Currency,"795471337221398528",https://twitter.com/saul42/status/795471337221398528
DSWINDIA,2016-11-07 09:10,1,1,"For #nifty #banknifty #futures , #options , #mcx #commodity , #nse #currency and #intraday #stock #tips on #whatsapp http:// goo.gl/onjppz",,,#nifty #banknifty #futures #options #mcx #commodity #nse #currency #intraday #stock #tips #whatsapp,"795470844549939200",https://twitter.com/DSWINDIA/status/795470844549939200
DSWINDIA,2016-11-07 09:07,0,0,"#Free #Trial : sell #nse #usdinr #future around 66.96 sl 67.1 target 66.7 #positional #currency #forex #market #Tips http:// goo.gl/onjppz",,,#Free #Trial #nse #usdinr #future #positional #currency #forex #market #Tips,"795470081941590017",https://twitter.com/DSWINDIA/status/795470081941590017
guriahluwalia,2016-11-07 09:02,1,4,"30% of UK GDP as digital currency would increase GDP 3%. Reduced interests, tax, transaction costs #blockchain #Currency #bitcoin https:// twitter.com/wef/status/795 463542497538048 …",,,#blockchain #Currency #bitcoin,"795468824057434112",https://twitter.com/guriahluwalia/status/795468824057434112
justfintech,2016-11-07 09:00,0,0,"#Currency update : November 07, 2016 at 09:00AM - USD / INR @66.77",,@66,#Currency,"795468414642962432",https://twitter.com/justfintech/status/795468414642962432
CoinsStore1v,2016-11-07 08:55,1,1,"#PaperMoney 2006 $1 #Dollar #Bill STAR NOTE FEDERAL RESERVE NOTE #Currency #Paper #Money http:// dlvr.it/McBF0D #eBay #Auction pic.twitter.com/dU6p1XiJus",,,#PaperMoney #Dollar #Bill #Currency #Paper #Money #eBay #Auction,"795467211569709056",https://twitter.com/CoinsStore1v/status/795467211569709056
OptionScape1,2016-11-07 08:35,0,0,"OptionScape, the new gold standard in risk control #spy #cboe #markets #trading #currency #volatility http:// ow.ly/2GRw305Pa9r pic.twitter.com/2A7R1KW7sv",,,#spy #cboe #markets #trading #currency #volatility,"795462099044548608",https://twitter.com/OptionScape1/status/795462099044548608
BitcoinKurs,2016-11-07 08:30,0,0,"Aktueller Bitcoin.de Kurs: 631.36 Euro. #bitcoin #btc #kurs #currency #satoshi by capsload.it",,,#bitcoin #btc #kurs #currency #satoshi,"795460890896297984",https://twitter.com/BitcoinKurs/status/795460890896297984
chrisadwilson2,2016-11-07 08:22,0,3,"Digital Money Taking Over #Bitcoin #Market #currency #cashless #economy https:// thefreshthinker.wordpress.com/2016/11/02/dig ital-money-taking-over/ …",,,#Bitcoin #Market #currency #cashless #economy,"795458845141147648",https://twitter.com/chrisadwilson2/status/795458845141147648
CoinsStore1v,2016-11-07 08:19,0,0,"#PaperMoney #Silver Certificate 1 #Dollar #Bill 1957 #Paper #Money United States #Currency Old USA http:// dlvr.it/Mc9rDn #eBay #Auction pic.twitter.com/bngBvB5ZMO",,,#PaperMoney #Silver #Dollar #Bill #Paper #Money #Currency #eBay #Auction,"795458141836017664",https://twitter.com/CoinsStore1v/status/795458141836017664
forexknowhow,2016-11-07 08:15,0,0,"Major <b>Currency</b> Pairs EURUSD, GBPUSD, USDJPY Characteristics https:// goo.gl/fb/Ppl1TS #currency",,,#currency,"795457199220948992",https://twitter.com/forexknowhow/status/795457199220948992
forexknowhow,2016-11-07 08:15,0,0,"UK SMEs facing £34.6bn US election <b>currency</b> risk https:// goo.gl/fb/QUjQvf #currency",,,#currency,"795457191050440704",https://twitter.com/forexknowhow/status/795457191050440704
OscarCulari,2016-11-07 08:08,0,0,"U.S. dollar jumps in Asia as FBI clears Clinton | Reuters #markets #Currency http:// mobile.reuters.com/article/idUSKB N13111T?utm_campaign=trueAnthem:+Trending+Content&utm_content=581fe85804d3010574151863&utm_medium=trueAnthem&utm_source=twitter …",,,#markets #Currency,"795455402016206848",https://twitter.com/OscarCulari/status/795455402016206848
CoinsStore1v,2016-11-07 08:02,0,0,"#PaperMoney 1953 A $2 Two #Dollar #Currency #Paper #Money Average Circulated Red Seal #0533 http:// dlvr.it/Mc9f3V #eBay #Auction pic.twitter.com/X7MppMEKpK",,,#PaperMoney #Dollar #Currency #Paper #Money #0533 #eBay #Auction,"795453780980428801",https://twitter.com/CoinsStore1v/status/795453780980428801
MarketingPicz,2016-11-07 07:56,0,0,"Pic Tip - 33 Stock photo Yuan Currency Devaluation http:// dld.bz/dQtkG … #dollar #currency #yuan #china pic.twitter.com/He4mKpHTmt",,,#dollar #currency #yuan #china,"795452299011391489",https://twitter.com/MarketingPicz/status/795452299011391489
WorkAHolicLabel,2016-11-07 07:54,0,0,"#Currency record will be playing up next! https:// twitter.com/iamlouied/stat us/794991597402329088 …",,,#Currency,"795451946937307137",https://twitter.com/WorkAHolicLabel/status/795451946937307137
WorkAHolicLabel,2016-11-07 07:53,3,1,"Rapper @WhoIsMarkSavage hits one million views on SoundCloud with #Currency he speaks on remix with @isthatkado coming up!!!",,@WhoIsMarkSavage @isthatkado,#Currency,"795451661732970500",https://twitter.com/WorkAHolicLabel/status/795451661732970500
iLgamosiLcoin,2016-11-07 07:52,0,0,"FREE to Join - Get the New Coin. #ILCoin is the New #Digital #Currency Revolution. sign up NOW http:// dld.bz/dBdJu pic.twitter.com/nXEpqURfp8",,,#ILCoin #Digital #Currency,"795451387282882560",https://twitter.com/iLgamosiLcoin/status/795451387282882560
biodog24,2016-11-07 07:39,0,0,"#Most #Popular #Forex #Platform : #Currency #trading platform! All you need is a #computer & #internet connection: http:// bit.ly/JqMsUh",,,#Most #Popular #Forex #Platform #Currency #trading #computer #internet,"795448153461968896",https://twitter.com/biodog24/status/795448153461968896
Currency4Ex,2016-11-07 07:39,0,0,"Yesterday is history, tomorrow is a mystery, today is a gift. For #Ex is #history , #Currency is present, #appreciation is a mystery. #forex",,,#Ex #history #Currency #appreciation #forex,"795448000449384448",https://twitter.com/Currency4Ex/status/795448000449384448
CAD_USD_BOT,2016-11-07 07:37,0,0,"Canadian Dollar is worth: 0.7474 USD @21:07 EST #CAD #USDTOCAD #USDCAD #CURRENCY #BOT",,@21,#CAD #USDTOCAD #USDCAD #CURRENCY #BOT,"795447448420450305",https://twitter.com/CAD_USD_BOT/status/795447448420450305
sexbusinessgirl,2016-11-07 07:30,0,1,"Emerging Markets: Preview of the Week Ahead #investment #goldira #currency http:// feedproxy.google.com/~r/MarcToMarke t/~3/ZC-KDWH0Wgs/emerging-markets-preview-of-week-ahead.html … pic.twitter.com/HwtLZNdAKC",,,#investment #goldira #currency,"795445730714521600",https://twitter.com/sexbusinessgirl/status/795445730714521600
gigih_fx,2016-11-07 07:21,0,2,"GAP #gbpjpy #forex #trade #chart #currency #traderforex #traderindonesia #trader #tradingforex … https://www. instagram.com/p/BMfbsY4jmgO/",,,#gbpjpy #forex #trade #chart #currency #traderforex #traderindonesia #trader #tradingforex,"795443514481999872",https://twitter.com/gigih_fx/status/795443514481999872
LisaBrydfx,2016-11-07 07:00,0,1,"Closed Sell 1.0 Lots EURUSD for +11.4 pips, total for today +89.6 pips #Dollar #EA #EarnMoney #Economy #Currency #Broker #Bonus #AProfit",,,#Dollar #EA #EarnMoney #Economy #Currency #Broker #Bonus #AProfit,"795438304401518597",https://twitter.com/LisaBrydfx/status/795438304401518597
nsitweet,2016-11-07 06:51,0,0,"बाजार में आने से पहले सोशल मीडिया पर वायरल हुई #Indian #Currency की तस्वीरें - See more at: http:// newsstateofindia.com/NewDetails.asp x?id=1961181#sthash.HiZztuBJ.dpuf … #rbi #newsstateofindia pic.twitter.com/ZQUnCjzwZ3",,,#Indian #Currency #sthash #rbi #newsstateofindia,"795436064030781440",https://twitter.com/nsitweet/status/795436064030781440
iCompareFX,2016-11-07 06:35,0,0,"MoneyGram Vs XE Trade | No Winner-Takes-All Situation Here http:// ow.ly/bAxc305Ui0F #expats #currency #finance #transfermoney #wiretransfer pic.twitter.com/xYCosHF0th",,,#expats #currency #finance #transfermoney #wiretransfer,"795431857559130113",https://twitter.com/iCompareFX/status/795431857559130113
WhoIsMarkSavage,2016-11-07 06:33,43,1,"#Currency video coming to @Vevo soon",,@Vevo,#Currency,"795431370436780032",https://twitter.com/WhoIsMarkSavage/status/795431370436780032
BColwell_Invest,2016-11-07 06:30,2,0,"#Cocoa Looks Awful... $ nib #brexit #currency #currencies #commodities #trading http:// ow.ly/Sr88305FMGH",,,#Cocoa #brexit #currency #currencies #commodities #trading,"795430795028598786",https://twitter.com/BColwell_Invest/status/795430795028598786
MartinJDean,2016-11-07 06:30,0,0,"Your worthless $$$$ are losing value, #Gold doesn’t lose its value. #bullion #goldprice #currency #boomyear2016 http:// tiny.cc/ItsGold",,,#Gold #bullion #goldprice #currency #boomyear2016,"795430709703933952",https://twitter.com/MartinJDean/status/795430709703933952
BitcoinKurs,2016-11-07 06:30,0,0,"Aktueller Bitcoin.de Kurs: 633.68 Euro. #bitcoin #btc #kurs #currency #satoshi by capsload.it",,,#bitcoin #btc #kurs #currency #satoshi,"795430692666671105",https://twitter.com/BitcoinKurs/status/795430692666671105
CoinsStore1v,2016-11-07 06:15,0,0,"#PaperMoney Lot of 15 1953 B $2 Two #Dollar #Currency #Paper #Money Average Circulated Red Seal http:// dlvr.it/Mc8YZS #eBay #Auction pic.twitter.com/CuKX4ZAEIh",,,#PaperMoney #Dollar #Currency #Paper #Money #eBay #Auction,"795426826831048704",https://twitter.com/CoinsStore1v/status/795426826831048704
HotForForex,2016-11-07 06:12,0,1,"Markets - #Currency #Mexico #Peso $ USDMXN $ EWW #Forex #FX #Futures #Currencies Chart time period Daily Sunday... http:// fb.me/8e2hSOYep",,,#Currency #Mexico #Peso #Forex #FX #Futures #Currencies,"795426055960072192",https://twitter.com/HotForForex/status/795426055960072192
goglobalmarkets,2016-11-07 05:59,0,0,"First peso , then dollar , is the euro next target ?? #europe #euro #currency #StockMarket #alert https:// twitter.com/reutersbiz/sta tus/795420811859525632 …",,,#europe #euro #currency #StockMarket #alert,"795422872445587457",https://twitter.com/goglobalmarkets/status/795422872445587457
ourrepublic76,2016-11-07 05:51,0,0,"#Currency https:// twitter.com/steventdennis/ status/795407681691537408 …",,,#Currency,"795420812815794176",https://twitter.com/ourrepublic76/status/795420812815794176
maalaimalar,2016-11-07 05:48,3,8,"காந்தி படம் இல்லாத ரூ.2000 கரன்சி நோட்கள் வெளியீடா?... https:// goo.gl/zb3BFh #india #currency #Images #supposed #Rs2000 #notes #emerge pic.twitter.com/haYcXSKcIK",,,#india #currency #Images #supposed #Rs2000 #notes #emerge,"795420046659096576",https://twitter.com/maalaimalar/status/795420046659096576
onlinegames_24,2016-11-07 05:46,0,0,"#Online #Currency #Trading : Onboard revolutionary platform with Competitive spreads & 24/7 Support: Trade now: http:// bit.ly/RPh45l",,,#Online #Currency #Trading,"795419710716256256",https://twitter.com/onlinegames_24/status/795419710716256256
onlinegames_24,2016-11-07 05:44,0,0,"#Currency #Trading #Online : Trade currencies online with the Worlds ultimate trading platform! Trade now: http:// bit.ly/RPh45l",,,#Currency #Trading #Online,"795419219273936896",https://twitter.com/onlinegames_24/status/795419219273936896
CoinsStore1v,2016-11-07 05:40,0,0,"#PaperMoney Lot of 9 1953 C $2 Two #Dollar #Currency #Paper #Money Average Circulated Red Seal http:// dlvr.it/Mc89NX #eBay #Auction pic.twitter.com/XSWnx4baLf",,,#PaperMoney #Dollar #Currency #Paper #Money #eBay #Auction,"795418232152670208",https://twitter.com/CoinsStore1v/status/795418232152670208
forexknowhow,2016-11-07 05:40,0,0,"Why You Need Regulated <b>Forex Brokers</b> https:// goo.gl/fb/T0m3cD #currency",,,#currency,"795418148556120064",https://twitter.com/forexknowhow/status/795418148556120064
forexknowhow,2016-11-07 05:40,0,0,"Testing environment for Bitcoin exchanges https:// goo.gl/fb/nTQSzC #currency",,,#currency,"795418147574706177",https://twitter.com/forexknowhow/status/795418147574706177
forexstay,2016-11-07 05:38,0,0,"Sold #EGYPT #KSA #FXSTREETNEWS #CURRENCY #MONEY EURUSD 1.10884 http:// free30usd.com",,,#EGYPT #KSA #FXSTREETNEWS #CURRENCY #MONEY,"795417519251197952",https://twitter.com/forexstay/status/795417519251197952
CAD_USD_BOT,2016-11-07 05:37,0,0,"Canadian Dollar is worth: 0.7474 USD @19:07 EST #CAD #USDTOCAD #USDCAD #CURRENCY #BOT",,@19,#CAD #USDTOCAD #USDCAD #CURRENCY #BOT,"795417248894779392",https://twitter.com/CAD_USD_BOT/status/795417248894779392
bestfxrates,2016-11-07 05:32,0,1,"New Zealand Dollar – Mon Nov 7: NZD Up vs USD, GBP, EUR, AUD & CNY and Down vs FJD. #fx #forex #currency http:// bestexchangerates.com/blog/new-zeala nd-dollar-mon-nov-7-nzd-up-vs-usd-gbp-eur-aud-cny-and-down-vs-fjd/7341 …",,,#fx #forex #currency,"795416057112629248",https://twitter.com/bestfxrates/status/795416057112629248