username,date,retweets,favorites,text,geo,mentions,hashtags,id,permalink
sub_sengupta,2016-11-12 03:39,0,0,"When will #temples be accountable taxable. Who crack the whip trusts & temples as heavens of escape #demonitization #india #justwondering",,,#temples #demonitization #india #justwondering,"797199563975032832",https://twitter.com/sub_sengupta/status/797199563975032832
annabelle_bzhpb,2016-11-12 02:30,0,0,"#India #Tourism #demonitization : Have money but can't spend, tourists stumped by cash googly http:// toi.in/mv8kWb via @TOICitiesNews",,@TOICitiesNews,#India #Tourism #demonitization,"797182213620170752",https://twitter.com/annabelle_bzhpb/status/797182213620170752
tenu_nukshi,2016-11-11 23:46,0,0,"If even one politician,bureaucrat, tycoon is caught it is for real otherwise only com'n man suffers #Demonitization @ShashiTharoor @BDUTT",,@ShashiTharoor @BDUTT,#Demonitization,"797141083117342720",https://twitter.com/tenu_nukshi/status/797141083117342720
dchucks,2016-11-11 23:41,0,0,"सरउ, जब 500, 1000 के नोट फिर लाने वाले हो, 2000 का बड़का नोट भी ले आये तो #demonitization किस बात का? नकली नोट वाले नये का भी नकल ले आयेंगे।",,,#demonitization,"797139809005252608",https://twitter.com/dchucks/status/797139809005252608
BhaskarPG,2016-11-11 23:34,0,1,"My wife has 4 weddings to attend in Madras this month. Was going to gift 501 each but now with #demonitization , she says it has to be 2001",,,#demonitization,"797137999540715520",https://twitter.com/BhaskarPG/status/797137999540715520
cyborgbob,2016-11-11 23:17,0,0,"please see if U can allow ppl to pay advance bills for the year ! let karnataka make some benefit out of this tughlaq #Demonitization ? Ha ! https:// twitter.com/IamDKShivakuma r/status/796986303464099840 …",,,#Demonitization,"797133641033711616",https://twitter.com/cyborgbob/status/797133641033711616
Ra0ne2,2016-11-11 22:50,0,0,"Nationalists received new currency before #demonitization in advance.",,,#demonitization,"797126817668689920",https://twitter.com/Ra0ne2/status/797126817668689920
snigspeak,2016-11-11 22:37,0,0,"#surgicalstrike #demonitization While congratulating d journalist, i wondr whethr ppl othr than him got2know as well http://www. hindustantimes.com/india-news/jou rnalist-broke-story-about-currency-demonetisation-a-fortnight-back/story-3OpgtR5ehdzkRRrwQITLgK.html …",,,#surgicalstrike #demonitization,"797123657893965824",https://twitter.com/snigspeak/status/797123657893965824
cyborgbob,2016-11-11 22:28,0,0,"Know de devastation & de unintended consequences &Stats Type A,Type B horrors this #demonitization has unleashed on aam aadmi only later?Ha! https:// twitter.com/IndiaToday/sta tus/797118506953162752 …",,,#demonitization,"797121453703380992",https://twitter.com/cyborgbob/status/797121453703380992
cyborgbob,2016-11-11 22:12,0,0,"the unintended consequences of #Demonitization ?More horror stories will come this week.. Friends &relatives will not help with hand loan!ha https:// twitter.com/dineshgrao/sta tus/797115464228839424 …",,,#Demonitization,"797117358800191488",https://twitter.com/cyborgbob/status/797117358800191488
vjaysah,2016-11-11 22:11,0,0,"What are ur views on Modiji's #demonitization policy @abhinav_grv ?",,@abhinav_grv,#demonitization,"797117140658589696",https://twitter.com/vjaysah/status/797117140658589696
ameyaakode,2016-11-11 22:04,0,0,"Prople can stand in line of temples for 4-5hrs but when it comes to the country's betterment even 1-2hrs is a problem. #Demonitization",,,#Demonitization,"797115283039207424",https://twitter.com/ameyaakode/status/797115283039207424
rohitsinghnegi3,2016-11-11 21:54,0,0,"#FightForUp Has #Demonitization tripped #ParivartanaYatra campaign because of inconvenience to common man? A Great idea ill timed?",,,#FightForUp #Demonitization #ParivartanaYatra,"797112742389817344",https://twitter.com/rohitsinghnegi3/status/797112742389817344
haroonsheikh786,2016-11-11 21:46,0,0,"https:// m.facebook.com/story.php?stor y_fbid=10157659511700176&id=817450175 … #demonitization",,,#demonitization,"797110842865041408",https://twitter.com/haroonsheikh786/status/797110842865041408
lsaravinda,2016-11-11 21:45,0,0,"kanchikohli: 6 ATMs in one vicinity...none of them functional! No cash say gaurds! :-) #Demonitization Tomorrow is another day!",,,#Demonitization,"797110608059625472",https://twitter.com/lsaravinda/status/797110608059625472
Vikas688,2016-11-11 21:38,0,0,"Thanks foe your service & offer till today. No more #PayTm karo frm 2day. #UninstallPayTM @Paytm #Mumbai #ExchangeCurrency #Demonitization pic.twitter.com/pZASx639TS",,@Paytm,#PayTm #UninstallPayTM #Mumbai #ExchangeCurrency #Demonitization,"797108676062543872",https://twitter.com/Vikas688/status/797108676062543872
Baptuitsme,2016-11-11 21:34,0,0,"The big birds have flown away, leaving you & me in the queue, #demonitization https:// twitter.com/soniafaleiro/s tatus/797066604228079616 …",,,#demonitization,"797107628463656960",https://twitter.com/Baptuitsme/status/797107628463656960
hari_ravikumar,2016-11-11 21:20,0,2,"#Demonitization is a bit inconvenient in the short-run but I don't see anyone complaining about it. Most people I know are not grumbling! :)",,,#Demonitization,"797104106271690752",https://twitter.com/hari_ravikumar/status/797104106271690752
akshaysince1987,2016-11-11 21:18,0,0,"Does he mention #demonitization of old currency? https:// twitter.com/bainjal/status /797098410486550528 …",,,#demonitization,"797103685742555136",https://twitter.com/akshaysince1987/status/797103685742555136
san86kumar,2016-11-11 21:14,0,0,"#Bank and #ATM la money edukarathu ippa #USVisa ku apply pannara range ku poithichi. Evalva Periya queue #DeMonitization",,,#Bank #ATM #USVisa #DeMonitization,"797102726618365952",https://twitter.com/san86kumar/status/797102726618365952
san86kumar,2016-11-11 21:14,0,0,"Its amazing that #India moved a day without #BranchBanking and #ATM #DeMonitization",,,#India #BranchBanking #ATM #DeMonitization,"797102637288071169",https://twitter.com/san86kumar/status/797102637288071169
subhashsumanmi1,2016-11-11 21:00,0,0,"#Demonitization good step congrats. Covering Govt Employees for #corruption is most unfortunate.",,,#Demonitization #corruption,"797099287972675584",https://twitter.com/subhashsumanmi1/status/797099287972675584
cyborgbob,2016-11-11 20:53,0,0,"Basically #Demonitization is aimed @rendering Opp political parties without money 2 fight election 4 nxt 2 yrs! & thereby No level field!ha https:// twitter.com/ndtv/status/79 7096705199964161 …",,@rendering,#Demonitization,"797097504802115585",https://twitter.com/cyborgbob/status/797097504802115585
MalviyaVibhor,2016-11-11 20:34,0,0,"#ThugLife #Demonitization #CashCleanUp pic.twitter.com/se4wPziFJk",,,#ThugLife #Demonitization #CashCleanUp,"797092697622224902",https://twitter.com/MalviyaVibhor/status/797092697622224902
SACREDevill,2016-11-11 20:28,0,0,"मोदी विश्व बजार में , सीना दिहिन दिखाय ! जो नापन आगे बढ़ा , नापि नापि पछताय !! #Demonitization",,,#Demonitization,"797091032659673088",https://twitter.com/SACREDevill/status/797091032659673088
ThPrayingMantis,2016-11-11 20:28,2,1,"Modi ji should demonitize the ₹ 100 note, just for fun! #demonitization",,,#demonitization,"797091018608758784",https://twitter.com/ThPrayingMantis/status/797091018608758784
SREEHARI2001,2016-11-11 20:16,0,0,"Is there any doubt in India among Indians that they are today under Godse's Rule..? #Demonitization #TamilNadu #AIADMK",,,#Demonitization #TamilNadu #AIADMK,"797088119837192192",https://twitter.com/SREEHARI2001/status/797088119837192192
cyborgbob,2016-11-11 20:08,0,0,"there are enormous unintended consequences of #demonitization ....!Real estate will renegade on many contracts.. Forget them going bust!ha https:// twitter.com/JaiveerShergil l/status/796954256297381888 …",,,#demonitization,"797086181175398400",https://twitter.com/cyborgbob/status/797086181175398400
anjupokhriyal,2016-11-11 20:04,0,1,"#Demonitization superb move by modiji, within a week everything will be normal. All black money holder crying for their lost black empire.",,,#Demonitization,"797084991809273856",https://twitter.com/anjupokhriyal/status/797084991809273856
SREEHARI2001,2016-11-11 19:21,0,0,"A Gujarati saying ...that it was they who got India free & so only they right to surrender Indians to universal Imperialism.. #Demonitization",,,#Demonitization,"797074280500658176",https://twitter.com/SREEHARI2001/status/797074280500658176
Mathur_Aakriti,2016-11-11 19:20,0,1,""Short-term disruptions likely for business owners. Institutional reforms necessary." @Radhikaskp #Demonitization ¦ http://www. bloombergquint.com/business/2016/ 11/09/the-beginning-of-the-end-of-the-parallel-economy-in-india …",,@Radhikaskp,#Demonitization,"797074098979532800",https://twitter.com/Mathur_Aakriti/status/797074098979532800
Asifyarrkhan,2016-11-11 19:01,2,1,"#Demonitization Foreign currency being exchanged at a premium rate for demonitized Rs 500 and Rs. 1,000 notes.",,,#Demonitization,"797069334057074689",https://twitter.com/Asifyarrkhan/status/797069334057074689
SREEHARI2001,2016-11-11 18:57,1,0,"Just ornamental...All in Collusion have screwed Aspirations of a Billion for the Greedy Gujarati Few... #Demonitization #TamilNadu #AIADMK https:// twitter.com/rssurjewala/st atus/797048855015596033 …",,,#Demonitization #TamilNadu #AIADMK,"797068275607883777",https://twitter.com/SREEHARI2001/status/797068275607883777
_sabanaqvi,2016-11-11 18:53,44,68,"#demonitization Amazed at people who don't know how many don't have bank accounts. What happens till then. Stop working and stand in a queue",,,#demonitization,"797067272477097985",https://twitter.com/_sabanaqvi/status/797067272477097985
soniafaleiro,2016-11-11 18:51,127,82,"Businessmen received prior notice of #demonitization from "government sources", exchanged currency in advance. https://www. thequint.com/business/2016/ 11/11/before-pms-announcement-rumours-of-demonetisation-abounded …",,,#demonitization,"797066604228079616",https://twitter.com/soniafaleiro/status/797066604228079616
soniafaleiro,2016-11-11 18:39,51,44,"Certain media parroting Modi line about #demonitization aimed at black money, when clearly it was done for political gain in UP election.",,,#demonitization,"797063593112039424",https://twitter.com/soniafaleiro/status/797063593112039424
priithii,2016-11-11 18:33,0,0,"Hum honge kaamyaab ek din! #demonitization #atm https://www. instagram.com/p/BMq70Kmh_Hi/",,,#demonitization #atm,"797062264167596032",https://twitter.com/priithii/status/797062264167596032
chak2006,2016-11-11 18:31,0,0,"@YusufDFI Pak literally copies India in all Aspects. #Demonitization https:// twitter.com/Pakistannews/s tatus/796971790333579265 …",,@YusufDFI,#Demonitization,"797061573638397952",https://twitter.com/chak2006/status/797061573638397952
Magnet07Social,2016-11-11 18:22,0,0,"We are floored by Prime Minister Narendra Modi's second surgical strike! #Demonitization @narendramodi pic.twitter.com/5itjevoOW0",,@narendramodi,#Demonitization,"797059381560950784",https://twitter.com/Magnet07Social/status/797059381560950784
cgbalajird,2016-11-11 18:20,0,0,"@sudhirchaudhary Sir, that was an excellent interview with FM on Zee regarding #Demonitization . Liked it a lot.",,@sudhirchaudhary,#Demonitization,"797058932069892101",https://twitter.com/cgbalajird/status/797058932069892101
aamir0408,2016-11-11 18:10,0,0,"Ye itihasik faisla khi apko itihas me na bhej de sahab.. #Demonitization",,,#Demonitization,"797056327193362432",https://twitter.com/aamir0408/status/797056327193362432
inlivetoday,2016-11-11 18:06,0,1,"#Demonitization : #Kolkata 's #redlight district business soars to Rs50lakh in two days at #Sonagachi https:// goo.gl/d8cbPb",,,#Demonitization #Kolkata #redlight #Sonagachi,"797055514320306177",https://twitter.com/inlivetoday/status/797055514320306177
yoursvivek,2016-11-11 18:01,0,0,"We would recover 3 lakh Cr (Jaitley's estimate) in #Demonitization . If business suffers any more than 18% it's net loss for country.",,,#Demonitization,"797054180410028033",https://twitter.com/yoursvivek/status/797054180410028033
StopForSteffy,2016-11-11 17:55,0,0,"India's 1st banking robot 'Lakshmi' launched https:// goo.gl/yv8AG5 -via @inshorts this is the need of hour #Demonitization",,@inshorts,#Demonitization,"797052619705503744",https://twitter.com/StopForSteffy/status/797052619705503744
Maila_Kameez,2016-11-11 17:54,0,0,"Probably because of lack of black money to pay for fake twitter followers #demonitization https:// twitter.com/CNNnews18/stat us/797047409918382080 …",,,#demonitization,"797052465061494785",https://twitter.com/Maila_Kameez/status/797052465061494785
arjun_ghosh,2016-11-11 17:52,1,0,"Indians are in 'qatar, the great leader is in Japan #demonitization #achhedin",,,#demonitization #achhedin,"797051949220855808",https://twitter.com/arjun_ghosh/status/797051949220855808
rpsharma1510,2016-11-11 17:47,0,0,"@ndtvindia #Demonitization As Media you owe duty to nation. Don't let personal prejudices of few affect professional integrity of channel.",,@ndtvindia,#Demonitization,"797050648453910528",https://twitter.com/rpsharma1510/status/797050648453910528
rpsharma1510,2016-11-11 17:42,0,0,"@ndtvindia #Demonitization Criticize the Government, but also educate the people. Don't be a mouthpiece of opposition and demean yourself.",,@ndtvindia,#Demonitization,"797049324568018948",https://twitter.com/rpsharma1510/status/797049324568018948
cgbalajird,2016-11-11 17:41,0,0,"@TVMohandasPai Sir, one Q - Could govt print new currency notes equal to the value of missing 500/1000 notes after #Demonitization ?",,@TVMohandasPai,#Demonitization,"797049218909106176",https://twitter.com/cgbalajird/status/797049218909106176
rpsharma1510,2016-11-11 17:38,0,0,"@ndtvindia #Demonitization Political differences aside every Indian owes a duty to the nation, and strive to check the menace of Black Money",,@ndtvindia,#Demonitization,"797048269373325313",https://twitter.com/rpsharma1510/status/797048269373325313
CliffofDovers,2016-11-11 17:33,0,0,"ചുരുക്കി പറഞ്ഞാ പറ്റു കടയുണ്ടേൽ കഞ്ഞി കുടിച്ചു പോകാം #demonitization",,,#demonitization,"797047029566296065",https://twitter.com/CliffofDovers/status/797047029566296065
onksharma,2016-11-11 17:31,0,0,"@HPIndia announces 50-day payment holiday for its notebook customers http://www. dqindia.com/hp-india-annou nces-50-day-payment-holiday-for-its-notebook-customers/ … #Demonitization #noteban",,@HPIndia,#Demonitization #noteban,"797046484260659200",https://twitter.com/onksharma/status/797046484260659200
manishiet,2016-11-11 17:20,0,0,"@ndtv prestigious hosiptal columbia asia , gurgaon not accepting rs 500 note. #Demonitization pic.twitter.com/P18bFxdStJ",,@ndtv,#Demonitization,"797043733036290049",https://twitter.com/manishiet/status/797043733036290049
Sahil_Adhikaari,2016-11-11 17:10,1,1,"@ArvindKejriwal is angry about #demonitization because modi rejected his request to introduce these notes. pic.twitter.com/1n6BwCw0Hw",,@ArvindKejriwal,#demonitization,"797041181980913664",https://twitter.com/Sahil_Adhikaari/status/797041181980913664
namratagogoi,2016-11-11 16:46,0,1,"After avoiding any kind of queues since the #demonitization of Rs. 500 & 1000, can't avoid it anymore. Thank God I have @AxisBank account.",,@AxisBank,#demonitization,"797035252027953152",https://twitter.com/namratagogoi/status/797035252027953152
shuklakovid,2016-11-11 16:33,0,1,"@dravirmani @ndtv Hopefully some rationale & sense will prevail over NDTV. These guys are coaxing people to criticize #Demonitization",,@dravirmani @ndtv,#Demonitization,"797031934329135105",https://twitter.com/shuklakovid/status/797031934329135105
SanghiRepairWor,2016-11-11 16:19,0,0,"Irony left the planet after hearing this. #Demonitization @joydas https:// twitter.com/ShubhajitRoy/s tatus/797024146106351616 …",,@joydas,#Demonitization,"797028489157185536",https://twitter.com/SanghiRepairWor/status/797028489157185536
HindiPratyaksha,2016-11-11 16:19,10,13,"After #demonitization , new Rs 1000 notes to come into circulation: Ministry of Finance pic.twitter.com/L5U39wfqy4",,,#demonitization,"797028456059936768",https://twitter.com/HindiPratyaksha/status/797028456059936768
b_married,2016-11-11 15:52,1,1,"almost all indian ladies ryt now #beingmarried #demonitization #nomoney http:// fb.me/1hC19tEUa",,,#beingmarried #demonitization #nomoney,"797021645265211393",https://twitter.com/b_married/status/797021645265211393
matt_homer,2016-11-11 15:39,3,5,"Just saw someone at the airport begging the attendant to accept his 500 rupee note for baggage fees, but no luck. #demonitization",,,#demonitization,"797018382616920065",https://twitter.com/matt_homer/status/797018382616920065
Ajay0505,2016-11-11 15:37,0,0,"@Ajay0505 87% cash market , #Demonitization has left economy bull drunk and left loose, Trend to continue for few weeks",,@Ajay0505,#Demonitization,"797017994803048448",https://twitter.com/Ajay0505/status/797017994803048448
Ajay0505,2016-11-11 15:34,2,0,"Time of Real Impact, Trade hugely hit in almost every sector, #Demonitization will cost trillions more ,1200 stocks down against 200,",,,#Demonitization,"797017153769652225",https://twitter.com/Ajay0505/status/797017153769652225
shripadah,2016-11-11 15:04,0,0,"I think any denomination higher than ₹100 will be demonetised in a year or two. #demonitization",,,#demonitization,"797009711799205888",https://twitter.com/shripadah/status/797009711799205888
joydeepghosh,2016-11-11 14:54,0,0,"@pkrajeshpk i was stuck for 3 hours trying to exchange 3 note of 500 @#hyderabad #hdfcbank #madhapur #demonitization @ndtv @MVenkaiahNaidu",,@pkrajeshpk @ @ndtv @MVenkaiahNaidu,#hyderabad #hdfcbank #madhapur #demonitization,"797007190905077760",https://twitter.com/joydeepghosh/status/797007190905077760
bahudari,2016-11-11 14:49,1,0,"Develop app to supply A4 paper and photocopier toner #jugaadstartupideas #demonitization",,,#jugaadstartupideas #demonitization,"797005753542291456",https://twitter.com/bahudari/status/797005753542291456
invincible_SHIV,2016-11-11 14:48,0,0,"@narendramodi utmost unrest, #panicamongpeople #demonitization #marriages #medication #nopropercashflow #helpless",,@narendramodi,#panicamongpeople #demonitization #marriages #medication #nopropercashflow #helpless,"797005482997096448",https://twitter.com/invincible_SHIV/status/797005482997096448
bahudari,2016-11-11 14:47,1,0,"Setup mobile photocopiers in your car trunk next to banks and make quick money #jugaadstartupideas #demonitization",,,#jugaadstartupideas #demonitization,"797005295813672961",https://twitter.com/bahudari/status/797005295813672961
shuklakovid,2016-11-11 13:57,0,0,"AAPtards keep shut or go and defecate in open to protest #Demonitization https:// twitter.com/meerasanyal/st atus/796975291025346560 …",,,#Demonitization,"796992668513357824",https://twitter.com/shuklakovid/status/796992668513357824
NikunjMirror,2016-11-11 13:45,2,2,"#Demonitization Gujarat HC appealed the state government 2 extend deadline for currency notes in notified private hospitals @DeepalTrevedie",,@DeepalTrevedie,#Demonitization,"796989596458287104",https://twitter.com/NikunjMirror/status/796989596458287104
shuklakovid,2016-11-11 13:44,0,0,"@PMOIndia @rsprasad @narendramodi Its high time, Ban NDTV once for ALL. They are coaxing people to say against #Demonitization",,@PMOIndia @rsprasad @narendramodi,#Demonitization,"796989435376123904",https://twitter.com/shuklakovid/status/796989435376123904
goutamsahoo1983,2016-11-11 13:21,28,9,"Will #Demonitization be last nail in NDA coffin b4 2017 elections?",,,#Demonitization,"796983703754838017",https://twitter.com/goutamsahoo1983/status/796983703754838017
NikunjMirror,2016-11-11 12:57,0,0,"#demonitization PIL in Gujarat HC seeks to extend deadline from Nov 11. Also private hospitals to accept currency of 500 and 1000",,,#demonitization,"796977753849368576",https://twitter.com/NikunjMirror/status/796977753849368576
SREEHARI2001,2016-11-11 12:46,0,0,"Did any Indian notice the Nano Car (They say Chip) inside every Rs 2000 Note they exchanged for their hard earned 500/1000? #Demonitization",,,#Demonitization,"796974883905343489",https://twitter.com/SREEHARI2001/status/796974883905343489
rajivgujral,2016-11-11 12:25,0,0,"This is how @ndtv is helping ppl during #demonitization . Creating Chaos or helping nation? #byebyeblackmoney pic.twitter.com/bU8RfNQYaE",,@ndtv,#demonitization #byebyeblackmoney,"796969576319721472",https://twitter.com/rajivgujral/status/796969576319721472
vadapoche,2016-11-11 12:19,0,0,"If govt is really serious then ask for source of funds of the pvt universities that are fast growing. Spare the common man. #demonitization",,,#demonitization,"796968182816866304",https://twitter.com/vadapoche/status/796968182816866304
shuklakovid,2016-11-11 12:07,1,0,"@PrannoyRoyNDTV is bemoaning like a widow #demonitization . Only News channel emphasizing on negativity https:// twitter.com/manujsharan/st atus/796964188983803904 …",,@PrannoyRoyNDTV,#demonitization,"796965071070973952",https://twitter.com/shuklakovid/status/796965071070973952
SREEHARI2001,2016-11-11 11:46,5,2,"Idea is to deprive household savings too after screwing hard-earned savings of poor to mitigate loot of Greedy Few. #Demonitization #AIADMK https:// twitter.com/MAkhan360/stat us/796958974348140544 …",,,#Demonitization #AIADMK,"796959810621210624",https://twitter.com/SREEHARI2001/status/796959810621210624
unmetric,2016-11-11 11:41,0,0,"@mychillr , @Paytm and other #brands cash in on #engagement following Modi's #demonitization announcement. Explore - http:// bit.ly/2eOMLAP pic.twitter.com/ktFfSaSj36",,@mychillr @Paytm,#brands #engagement #demonitization,"796958584366047232",https://twitter.com/unmetric/status/796958584366047232
vedantam_sa,2016-11-11 10:48,0,0,"If some one asks who to trust on #DeMonitization @rvaidya2000 or @sanjayuvacha @OfficeOfRG @ArvindKejriwal I will go with the Prof ANYDAY! https:// twitter.com/rvaidya2000/st atus/796907433343926272 …",,@rvaidya2000 @sanjayuvacha @OfficeOfRG @ArvindKejriwal,#DeMonitization,"796945248194699264",https://twitter.com/vedantam_sa/status/796945248194699264
sachinchat,2016-11-11 09:20,2,1,"Although I support it, I m deeply inconvenienced with #Demonitization move. None of these available online vegetable, milk, auto etc",,,#Demonitization,"796922991967956992",https://twitter.com/sachinchat/status/796922991967956992
bemelmesre,2016-11-11 08:31,0,0,"@ttindia #demonitization is going to cteate a reccesion. V did not ask for this.",,@ttindia,#demonitization,"796910766540656640",https://twitter.com/bemelmesre/status/796910766540656640
Tan_Tripathi,2016-11-11 07:22,0,0,"Public reaction to #Demonitization Do watch n share! When you can stand in Jio's queue for hours Can't you... http:// fb.me/FKRlJ2qt",,,#Demonitization,"796893372061466624",https://twitter.com/Tan_Tripathi/status/796893372061466624