username,date,retweets,favorites,text,geo,mentions,hashtags,id,permalink
stanley_chekot,2016-11-11 23:32,0,0,"@anjali_damania #DeMonetisation #cashban @TimesNow HUGE ReVeLaTiOn !!",,@anjali_damania @TimesNow,#DeMonetisation #cashban,"797137480843563008",https://twitter.com/stanley_chekot/status/797137480843563008
DhimanChaterji,2016-11-11 23:09,0,0,"Pls track big COD purchases, big charity donations , yearly gross payment 2 stuffs after #cashban @FinMinIndia @IncomeTaxIndia",,@FinMinIndia @IncomeTaxIndia,#cashban,"797131669106868224",https://twitter.com/DhimanChaterji/status/797131669106868224
DhimanChaterji,2016-11-11 22:58,0,0,"Pls refill ATM twice a day n limit daily withdrawals per person by cust id 2 manage rush n 4 fair distribution #cashban @RBI @FinMinIndia",,@RBI @FinMinIndia,#cashban,"797128838073303040",https://twitter.com/DhimanChaterji/status/797128838073303040
stanley_chekot,2016-11-11 22:51,0,0,"@TimesNow BJP & times now worried growing rahul popularity acceptance among public, over OROP & #cashban , all you can do is sit & cry!",,@TimesNow,#cashban,"797127114877239296",https://twitter.com/stanley_chekot/status/797127114877239296
Sahil_RG,2016-11-11 22:03,2,1,"Retweeted NBT Dilli ( @NBTDilli ): “ #CashBan : People are helpless. And now getting angry too.” by @NBTDilli ... http:// fb.me/68VbBj9SO",,@NBTDilli @NBTDilli,#CashBan,"797114918067703808",https://twitter.com/Sahil_RG/status/797114918067703808
DhimanChaterji,2016-11-11 18:58,0,0,"Pls deploy helpdesk in banks 2 fillup deposit frms 4 illiterate people,send bank on vehicles 2villages #cashban @PMOIndia @FinMinIndia @RBI",,@PMOIndia @FinMinIndia @RBI,#cashban,"797068510950080512",https://twitter.com/DhimanChaterji/status/797068510950080512
sufiyanmalegaon,2016-11-11 18:01,0,0,"Facing the problem due to #Cashban .. Traveling to #MumbaiAirport to receive #Kamran ..",,,#Cashban #MumbaiAirport #Kamran,"797054238513917952",https://twitter.com/sufiyanmalegaon/status/797054238513917952
ScoopWhoop,2016-11-11 17:00,3,3,"#Kejriwal tweeted only #Paytm would profit from the #Cashban & the Paytm founder had this epic reply: http:// bit.ly/2eYBATP pic.twitter.com/MsXSoiAre5",,,#Kejriwal #Paytm #Cashban,"797038738295635968",https://twitter.com/ScoopWhoop/status/797038738295635968
youngindiastory,2016-11-11 16:59,0,0,"Kejriwal Tweeted Only Paytm Would Profit From The #Cashban & The Paytm Founder Had This Epic Reply - https://www. youngindianstory.com/kejriwal-tweet ed-only-paytm-would-profit-from-the-cashban-the-paytm-founder-had-this-epic-reply/ … pic.twitter.com/gI8oMGNylR",,,#Cashban,"797038638722908160",https://twitter.com/youngindiastory/status/797038638722908160
stanley_chekot,2016-11-11 16:57,1,0,"@NH_India #cashban #ByByBlackMoney @firstpost @TimesNow @htTweets @RidlrMUM @IBNLivePolitics 2nd day of suffering, still no relief !",,@NH_India @firstpost @TimesNow @htTweets @RidlrMUM @IBNLivePolitics,#cashban #ByByBlackMoney,"797038079144038400",https://twitter.com/stanley_chekot/status/797038079144038400
stanley_chekot,2016-11-11 16:55,0,0,"@NH_India #cashban Gov. Shud hv taken suff. measure's 2 tackle d situations, we shudn't have suffering like dis, if Gov. Truly care 4 d ppl",,@NH_India,#cashban,"797037473083850752",https://twitter.com/stanley_chekot/status/797037473083850752
stanley_chekot,2016-11-11 16:37,0,0,"@INCIndia #ByByBlackMoney #cashban @TimesNow TRULY, dis is agony and pain 4 com. ppl like me, sr. Citizen, mothers, 2 stand in a line 4 hrs",,@INCIndia @TimesNow,#ByByBlackMoney #cashban,"797032946947551232",https://twitter.com/stanley_chekot/status/797032946947551232
NBTDilli,2016-11-11 13:41,101,71,"“ #CashBan : People are helpless. And now getting angry too.” by @NBTDilli https:// twitter.com/i/moments/7969 87226429259776 …",,@NBTDilli,#CashBan,"796988770767798272",https://twitter.com/NBTDilli/status/796988770767798272
SaurabhB69,2016-11-11 13:20,0,0,"@tufailelif @vinod_sharma @vishal_vishie @ZeeNews @ArvindKejriwal joins hand with her to resolve #cashban issue #oddeven was worse pic.twitter.com/lKAGK03hfR",,@tufailelif @vinod_sharma @vishal_vishie @ZeeNews @ArvindKejriwal,#cashban #oddeven,"796983474963910656",https://twitter.com/SaurabhB69/status/796983474963910656
ashgolu24,2016-11-11 13:20,0,2,"I had deposited my old banned note by debit card in SBI atm.Its so easy.Try once..no more tension of long line. #CashBan #WakeUpIndia",,,#CashBan #WakeUpIndia,"796983443162890240",https://twitter.com/ashgolu24/status/796983443162890240
ranjit68,2016-11-11 13:18,0,0,"#PMModi 's #CashBan Could Boost Budget By $45 Billion: Foreign Media - NDTV http:// profit.ndtv.com/news/economy/a rticle-pm-modis-cash-ban-could-boost-budget-by-45-billion-foreign-media-1623674 … via @NDTVProfit",,@NDTVProfit,#PMModi #CashBan,"796983031999234048",https://twitter.com/ranjit68/status/796983031999234048
atishpatel,2016-11-11 13:18,3,4,"Life right now #cashistrash #cashrush #cashban pic.twitter.com/7PCOyjkhFE",,,#cashistrash #cashrush #cashban,"796982862218031104",https://twitter.com/atishpatel/status/796982862218031104
ravikreddy,2016-11-11 12:37,0,0,"Everyone thought #Trump has grabbed USA by the P... but it was really #Modi who grabbed most of the Indian men by the balls.... #CashBan",,,#Trump #Modi #CashBan,"796972668390174721",https://twitter.com/ravikreddy/status/796972668390174721
OGL_baba,2016-11-11 11:20,5,4,"@narendramodi 's ‘Masterstroke’ #CashBan #CashCleanUp to Boost India #CashlessEconomy #DigitalPush https://www. bloomberg.com/news/articles/ 2016-11-09/modi-s-masterstroke-cash-ban-seen-boosting-india-digital-push … via NMApp pic.twitter.com/ENbwWTK1dd",,@narendramodi,#CashBan #CashCleanUp #CashlessEconomy #DigitalPush,"796953163844624384",https://twitter.com/OGL_baba/status/796953163844624384
GoenkaSandeep,2016-11-11 09:53,0,1,"Great analysis on #cashban http:// buff.ly/2fFcqNI #merabitcoin",,,#cashban #merabitcoin,"796931223968956416",https://twitter.com/GoenkaSandeep/status/796931223968956416
dailyonion,2016-11-11 09:47,0,0,"2 minutes silence and 1 middle finger to all BHAKTS. #cashban pic.twitter.com/QXi5t4alYN",,,#cashban,"796929727667634176",https://twitter.com/dailyonion/status/796929727667634176
dailyonion,2016-11-11 08:00,0,1,"..... Last year, Indians illicitly exported $83 billion, making us the second-largest stashers of money abroad after the Chinese. #cashban",,,#cashban,"796903005555539969",https://twitter.com/dailyonion/status/796903005555539969