username,date,retweets,favorites,text,geo,mentions,hashtags,id,permalink
vikasjawla3,2016-11-13 23:51,0,0,"Centre’s move will boost Indian economy http://www. asianage.com/business/centr e-s-move-will-boost-indian-economy-217 … #blackMoneycleanup #cashban pic.twitter.com/SDgm8uQ0qX",,,#blackMoneycleanup #cashban,"797866953725526016",https://twitter.com/vikasjawla3/status/797866953725526016
kanikacart,2016-11-13 21:29,10,10,"Cash Ban.,Who is most affected? Didn't see any Swiss Account holders and Panama Papers suspects #CashRush #CashBan #demonetization pic.twitter.com/YctjWycwAt",,,#CashRush #CashBan #demonetization,"797831384739954688",https://twitter.com/kanikacart/status/797831384739954688
Karnikakahen,2016-11-13 21:04,13,8,"A dedicated bhakt can take any amount of beating #जनता_त्रस्त_भ्रष्टाचारी_मस्त #CashRush #CashBan #CashCruch #demonetization pic.twitter.com/jk1nxSVO7Y",,,#जनत #CashRush #CashBan #CashCruch #demonetization,"797824852446937088",https://twitter.com/Karnikakahen/status/797824852446937088
clraghuram,2016-11-13 19:33,0,1,"@narendramodi Sir, I completely support #cashban . If not you no other politician could have dared this step. I salute you 4 ur step.",,@narendramodi,#cashban,"797801993339338752",https://twitter.com/clraghuram/status/797801993339338752
BudbakChacha,2016-11-13 17:48,2,0,"RT kanikacart: मोदी जी, गरीब रो रहा है , ज़रा ध्यान से सुनिए https://www. youtube.com/watch?v=ZhuSEK hFwrw&feature=youtu.be … #जनता_त्रस्त_भ्रष्टाचारी_मस्त #CashRush #CashBan #dem …",,,#जनत #CashRush #CashBan #dem,"797775537863266305",https://twitter.com/BudbakChacha/status/797775537863266305
kanikacart,2016-11-13 17:42,18,10,"मोदी जी की सर्जिकल स्ट्राइक के शिकार कौन? अमीर चार लाख या गरीब 120 करोड़? #जनता_त्रस्त_भ्रष्टाचारी_मस्त #CashRush #CashBan #demonetization pic.twitter.com/ejVqVTMrqH",,,#जनत #CashRush #CashBan #demonetization,"797774169668599810",https://twitter.com/kanikacart/status/797774169668599810
floydianechoes,2016-11-13 16:21,0,1,"Cash available at HDFC ATM main Shakti Nagar branch. Queue is only 20 people. #cashban",,,#cashban,"797753829798330368",https://twitter.com/floydianechoes/status/797753829798330368
AnuJain66994913,2016-11-13 15:06,0,0,"Hospital nt accepting old currency. I was told only govt hosp hv 2 acpt 500/1000. #cashban @arunjaitley @PMOIndia pic.twitter.com/9917bNkfDM",,@arunjaitley @PMOIndia,#cashban,"797734770465796096",https://twitter.com/AnuJain66994913/status/797734770465796096
lalit_setia,2016-11-13 14:40,2,0,"A must listen for everyone who is suffering from #Cashban We are proud on St. @GurmeetRamRahim who had earlier stated everything'll be white https:// twitter.com/narendramodi/s tatus/797707882166816769 …",,@GurmeetRamRahim,#Cashban,"797728226336346112",https://twitter.com/lalit_setia/status/797728226336346112
avinashnash97,2016-11-13 13:33,0,0,"@CNNnews18 just don't blame it to #CashBan to get sympathy. Be logical think what were the option denied to the patient and Why",,@CNNnews18,#CashBan,"797711477977350145",https://twitter.com/avinashnash97/status/797711477977350145
lalit_setia,2016-11-13 13:27,8,0,"Book @MSGTheFilm tickets online and watch it #LionHeartDhoom @derasachasauda ... No need to use hard cash. #Cashban @Bollyhungama https:// twitter.com/TimesNow/statu s/797699274326867968 …",,@MSGTheFilm @derasachasauda @Bollyhungama,#LionHeartDhoom #Cashban,"797710037577650180",https://twitter.com/lalit_setia/status/797710037577650180
SyrinRoy,2016-11-13 11:16,0,0,"@PMOIndia now Mr. Modi please do something for normal citizen as your pleasure trip is over. @narendramodi #cashban",,@PMOIndia @narendramodi,#cashban,"797676992254668800",https://twitter.com/SyrinRoy/status/797676992254668800
Gahmar3,2016-11-13 09:59,0,1,"@aajtak @ArvindKejriwal खाते मे नोट जमा करने वाले व्यक्ति को आधार कार्ड दिखाना जरूरी है.पर एक भी VIP बैंक या ATM पर नही दिखा. क्यो? #cashban",,@aajtak @ArvindKejriwal,#cashban,"797657706853232641",https://twitter.com/Gahmar3/status/797657706853232641
Bitcoin_Rush,2016-11-13 06:19,1,1,"Indians Angry As #ATM 's Run Dry After #CashBan https://www. reddit.com/r/Bitcoin/comm ents/5cmeuu/theres_chaos_everywhere_indians_angry_as_atms_run/?ref=share&ref_source=twitter … via @reddit #bitcoinrush #India #bitcoin #fintech #news",,@reddit,#ATM #CashBan #bitcoinrush #India #bitcoin #fintech #news,"797602374596501504",https://twitter.com/Bitcoin_Rush/status/797602374596501504