username,date,retweets,favorites,text,geo,mentions,hashtags,id,permalink
PRAMODtemper990,2016-11-09 00:08,0,0,"ದೀಪಾವಳಿಗೆ ಹ್ಯಾಪಿ ದಿವಾಳಿ ಹ್ಯಾಪಿ ದಿವಾಳಿ ಅಂತಿದ್ರಲಾ, ಅನುಭವಿಸಿ ಮಕ್ಳಾ. . #ತಥಾಸ್ತುಪ್ರಭಾವ @sprakaashbjp @Sheshadri81 @ArshadRizwan #joke #cashban",,@sprakaashbjp @Sheshadri81 @ArshadRizwan,#ತಥ #joke #cashban,"796059282257088512",https://twitter.com/PRAMODtemper990/status/796059282257088512
param108,2016-11-08 23:32,0,1,"What is really amazing about the #CashBan is that nobody knew. No leaks. This is financial #pokhran . No response from #Congress yet!",,,#CashBan #pokhran #Congress,"796050206227709952",https://twitter.com/param108/status/796050206227709952
Sharma_Shipra,2016-11-08 23:24,0,0,"And serendipitously - I saw a star in #Gurgaon skies after what seemed like a long time #cashban #smoglifts",,,#Gurgaon #cashban #smoglifts,"796048334565691392",https://twitter.com/Sharma_Shipra/status/796048334565691392
nitinsharma1,2016-11-08 23:22,0,0,"Quick thoughts on the #CashBan masterstroke. Take a bow @narendramodi #Aadhaar pic.twitter.com/EmgOlaBZKB",,@narendramodi,#CashBan #Aadhaar,"796047844842958848",https://twitter.com/nitinsharma1/status/796047844842958848
Sharma_Shipra,2016-11-08 23:15,1,3,"While we cheer and laud #cashban .. Mom's really worried about the shagan she has to give at the wedding function tomorrow #jaimatadi",,,#cashban #jaimatadi,"796046105981034496",https://twitter.com/Sharma_Shipra/status/796046105981034496
desidalek,2016-11-08 22:57,2,1,"Repercussions of #CashBan will be felt in UP Elections.",,,#CashBan,"796041558550200320",https://twitter.com/desidalek/status/796041558550200320
banglani,2016-11-08 22:56,0,1,"This quote has the ring of "an idea whose time has come", and hopefully will be as pivotal as that moment 25 years ago. #CashBan pic.twitter.com/DJ9z16RdBd",,,#CashBan,"796041149374861312",https://twitter.com/banglani/status/796041149374861312
banglani,2016-11-08 22:53,7,8,"PVN had the 1991 reforms, Vajpayee the nuclear tests. Manmohan's key moment ended up being 2G. This feels like Modi's alpha moment #CashBan",,,#CashBan,"796040547517374464",https://twitter.com/banglani/status/796040547517374464
banglani,2016-11-08 22:51,8,4,"Every prime minister has an "alpha moment", that eventually sinks or elevates his administration. #CashBan",,,#CashBan,"796039948809818112",https://twitter.com/banglani/status/796039948809818112
aviksunny,2016-11-08 22:01,0,0,"is it really black money or something else #cashban",,,#cashban,"796027291524481024",https://twitter.com/aviksunny/status/796027291524481024
aviksunny,2016-11-08 21:59,0,0,"what a day for mobile wallets , smelling something fishy #cashban",,,#cashban,"796026939697819648",https://twitter.com/aviksunny/status/796026939697819648
maneetjolly,2016-11-08 21:43,0,0,"My Kirana store says no problems in accepting 500/1000. But Kirana stores, Vegetable vendors, juice guys, all will suffer. #cashban",,,#cashban,"796022949157470208",https://twitter.com/maneetjolly/status/796022949157470208
maneetjolly,2016-11-08 21:35,1,1,"Businesses hit in the short term - Pan Shops, Cigarettes, Autos, Taxis. #CashBan",,,#CashBan,"796020922306199553",https://twitter.com/maneetjolly/status/796020922306199553
AmerBeg,2016-11-08 21:32,0,0,"Cash the new trash #EndBlackMoney #India #CashBan #BlackMoney",,,#EndBlackMoney #India #CashBan #BlackMoney,"796019954390736896",https://twitter.com/AmerBeg/status/796019954390736896