username,date,retweets,favorites,text,geo,mentions,hashtags,id,permalink
MJBaldBard,2016-11-09 03:57,0,0,"@chriswmayer @washingtonpost massive #Demonitisation ~86% of total currency circulation by value in #India - $100 and €500 better #WatchOut",,@chriswmayer @washingtonpost,#Demonitisation #India #WatchOut,"796117000682516480",https://twitter.com/MJBaldBard/status/796117000682516480
lubnakTOI,2016-11-09 02:27,0,1,"Replug old article: #BlackMoney does the devil lie in real estate? #Demonitisation should help http:// blogs.timesofindia.indiatimes.com/law-street/bla ck-money-does-the-devil-lie-in-real-estate/ … via @TOIOpinion",,@TOIOpinion,#BlackMoney #Demonitisation,"796094360932581377",https://twitter.com/lubnakTOI/status/796094360932581377
vivekdesai1993,2016-11-09 02:09,0,0,"I just hope Modiji isnt playing #AprilFool in November ! #BlackMoney #currencyban #Demonitisation",,,#AprilFool #BlackMoney #currencyban #Demonitisation,"796089701161500672",https://twitter.com/vivekdesai1993/status/796089701161500672
GoutamSB,2016-11-09 01:51,0,0,"Cashless economy may be a little far right now but #Demonitisation would definitely facilitate evolution of a less cash more white economy",,,#Demonitisation,"796085219979726849",https://twitter.com/GoutamSB/status/796085219979726849
theDDixit,2016-11-09 01:24,2,0,"This arbitrary decision may force farmers to take more debt from a market which is very unstable and in a panic situation. #Demonitisation",,,#Demonitisation,"796078410694963200",https://twitter.com/theDDixit/status/796078410694963200
akhilesh1,2016-11-09 01:14,2,7,"With Rs. 2000 currency note coming, money will not be black but pink. #BlackMoney #500 #1000 #ModiFightsCorruption #Demonitisation",,,#BlackMoney #500 #1000 #ModiFightsCorruption #Demonitisation,"796075828018704385",https://twitter.com/akhilesh1/status/796075828018704385
theDDixit,2016-11-09 01:06,1,0,"Can't compare earlier #Demonitisation with the present one. How many people have had Rs1000 notes in 1970s compared to present situation?",,,#Demonitisation,"796073953554903040",https://twitter.com/theDDixit/status/796073953554903040
vishakhrathi,2016-11-09 00:57,0,0,"Will this #Demonitisation lead to inflation? Lesser money, (Black will be less) chasing the same amount of goods. #GenuinQues",,,#Demonitisation #GenuinQues,"796071789872848896",https://twitter.com/vishakhrathi/status/796071789872848896
theDDixit,2016-11-09 00:54,0,0,"@_YogendraYadav U must see the concerns of bank employees who will have to bear the anger of gen public? Are they prepared? #Demonitisation",,@_YogendraYadav,#Demonitisation,"796070871257346048",https://twitter.com/theDDixit/status/796070871257346048
TheTrueBhartiya,2016-11-09 00:53,1,0,"#pakistan has invested a lot in injecting #Counterfeit #Currency in #India . A major blow for #Terrorists also. #Demonitisation #Ruppes (2/2)",,,#pakistan #Counterfeit #Currency #India #Terrorists #Demonitisation #Ruppes,"796070579790954496",https://twitter.com/TheTrueBhartiya/status/796070579790954496
rajeevsonline,2016-11-09 00:43,0,0,"#DEMONITISATION REASON NO:- 3 FOR DUMMIES:- Big malls and businesses such as Reliance, Adanis etc need to be... http:// fb.me/2GCs4fSdg",,,#DEMONITISATION,"796068073262358528",https://twitter.com/rajeevsonline/status/796068073262358528
tweet2GAURANG,2016-11-09 00:06,0,0,"#UnionBudgets will Loose steam in #India ,asPolicy announcementsR happening all round the Year? #Demonitisation of #INR500 /1000 One SuchStep!",,,#UnionBudgets #India #Demonitisation #INR500,"796058871257145344",https://twitter.com/tweet2GAURANG/status/796058871257145344
JothiRamki,2016-11-08 23:46,0,0,"Fighting #fakecurrency or #BlackMoney hats off to you sir our #PM #ModiJi the much needed #currencyswitch #500 #1000 #demonitisation",,,#fakecurrency #BlackMoney #PM #ModiJi #currencyswitch #500 #1000 #demonitisation,"796053845449154560",https://twitter.com/JothiRamki/status/796053845449154560
sanghamitra_m,2016-11-08 23:16,1,2,"So how many films are on the floor with scenes showing briefcase full of cash? #BlackMoney #Rs1000 #Rs500andRs1000 #Rs100 #demonitisation",,,#BlackMoney #Rs1000 #Rs500andRs1000 #Rs100 #demonitisation,"796046334889512960",https://twitter.com/sanghamitra_m/status/796046334889512960
awake1975,2016-11-08 22:51,0,0,"@awake1975 @TimesNow @BJP4India @_sabanaqvi #Demonitisation , Arnab pl do not cause discomf to NCP SP JDU n of course Saba Naqvi! Anti MODIS.",,@awake1975 @TimesNow @BJP4India @_sabanaqvi,#Demonitisation,"796039969881980928",https://twitter.com/awake1975/status/796039969881980928
awake1975,2016-11-08 22:44,0,0,"@awake1975 @TimesNow @_sabanaqvi @BJP4India #Demonitisation ,People shud not complain on discomf as resp citizens since move will help them.",,@awake1975 @TimesNow @_sabanaqvi @BJP4India,#Demonitisation,"796038236992741376",https://twitter.com/awake1975/status/796038236992741376
GaurabBista8,2016-11-08 22:39,2,3,"When the US is busy counting the votes, India will be busy counting notes. #Demonitisation",,,#Demonitisation,"796036948724879360",https://twitter.com/GaurabBista8/status/796036948724879360
satindra21,2016-11-08 22:35,0,0,"Total turmoil. Terrible event management. #currencyswitch #demonitisation #",,,#currencyswitch #demonitisation #,"796036015353831424",https://twitter.com/satindra21/status/796036015353831424
suranbs,2016-11-08 22:19,0,0,"#Demonitisation of 500 and 1000, is a great move. Difficult pragmatically, economically constraining & recovery for #mFIs #challenged !",,,#Demonitisation #mFIs #challenged,"796031797263941632",https://twitter.com/suranbs/status/796031797263941632
nocturnalknight,2016-11-08 22:01,0,0,"..check the availability of 100 inr notes in sufficient quantity to cater to cash transactions???!! #demonitisation",,,#demonitisation,"796027273639903232",https://twitter.com/nocturnalknight/status/796027273639903232
bharatpolicy,2016-11-08 21:20,0,0,"Can't wait for Zero Hedge's views on India's #demonitisation (move towards cashless society) pic.twitter.com/B5OA8JvZI1",,,#demonitisation,"796016974887325696",https://twitter.com/bharatpolicy/status/796016974887325696
vinod_sharma,2016-11-08 21:05,16,13,"#Demonitisation #SurgicalSrtike2 Brilliant! PM deserves full support and a big thank you.",,,#Demonitisation #SurgicalSrtike2,"796013371296387072",https://twitter.com/vinod_sharma/status/796013371296387072
JackDamle,2016-11-08 21:00,0,1,"And this #demonitisation announcement comes at the start of wedding season! You know what all the envelopes are going to be filled with ;)",,,#demonitisation,"796011915310931968",https://twitter.com/JackDamle/status/796011915310931968
vinod_sharma,2016-11-08 20:39,68,43,"Seems the NDTV 'compromise' was a tactical withdrawal to ensure full focus on #Demonitisation #SmartMove",,,#Demonitisation #SmartMove,"796006854979620864",https://twitter.com/vinod_sharma/status/796006854979620864
Filmbuff100,2016-11-08 20:32,0,1,"#Demonitisation will only increase the cost as more & more currency notes will have to be printed for disbursing the same amount. Stupid #PM",,,#Demonitisation #PM,"796004868292939776",https://twitter.com/Filmbuff100/status/796004868292939776