username,date,retweets,favorites,text,geo,mentions,hashtags,id,permalink
Ravikum21053258,2016-11-09 01:31,0,1,"I'm OK with anything unless you are nt going to change 10 rs notes #demonitization #rbi #wtf",,,#demonitization #rbi #wtf,"796080189394526209",https://twitter.com/Ravikum21053258/status/796080189394526209
abhaazad,2016-11-09 00:25,0,1,"#twitter is really killing it... #Currency #demonitization : #CurrencyChaos https:// twitter.com/FarziCricketer /status/796053449238597636 …",,,#twitter #Currency #demonitization #CurrencyChaos,"796063681045929984",https://twitter.com/abhaazad/status/796063681045929984
sagardeswal19,2016-11-09 00:03,0,0,"#Demonitization was more "COURAGEOUS" than removing the headphone jack. #BlackMoney #IndiaFightsCorruption #AchheDin #currencyban",,,#Demonitization #BlackMoney #IndiaFightsCorruption #AchheDin #currencyban,"796057972992421888",https://twitter.com/sagardeswal19/status/796057972992421888
jjkollanoor,2016-11-08 23:54,0,0,"#Cash is still King!!Paid 1000/- to carpenter this evening but he rushed back cycling 10 Km to change.Clock ticking :) #Demonitization",,,#Cash #Demonitization,"796055798832984064",https://twitter.com/jjkollanoor/status/796055798832984064
ujjwalbakshi,2016-11-08 23:47,0,0,"be-imaan pareshaan. Tughlaqi farmaan. #SurgicalStrikeonBlackMoney #demonitization #FakeItTillYouMakeIt",,,#SurgicalStrikeonBlackMoney #demonitization #FakeItTillYouMakeIt,"796054121778278400",https://twitter.com/ujjwalbakshi/status/796054121778278400
TejaTalk,2016-11-08 23:41,0,1,"Being broke has never been this rewarding #NaMo #blackmoney #SurgicalStrike #500 #1000 #demonitization",,,#NaMo #blackmoney #SurgicalStrike #500 #1000 #demonitization,"796052593130799106",https://twitter.com/TejaTalk/status/796052593130799106
jjkollanoor,2016-11-08 23:33,0,0,"You may see higher #cryptocurrency - #bitcoin buying/trading origination from #India for next few months. #Demonitization",,,#cryptocurrency #bitcoin #India #Demonitization,"796050544926171136",https://twitter.com/jjkollanoor/status/796050544926171136
shaels,2016-11-08 23:22,0,1,"Real payload of #Demonitization is coming elections and political money. Carnage,, traffic jams, chaos, mayhem. #SurgicalStrikeonBlackMoney",,,#Demonitization #SurgicalStrikeonBlackMoney,"796047706250612736",https://twitter.com/shaels/status/796047706250612736
bahudari,2016-11-08 23:13,0,0,"So what happens to Thirupati hundi? Thirupati ge naama? #demonitization #india #kannada",,,#demonitization #india #kannada,"796045529721368577",https://twitter.com/bahudari/status/796045529721368577
bahudari,2016-11-08 23:13,0,0,"Watch out for real estate and banking stocks. Real estate surely going down, banking very likely green but how green? #demonitization #india",,,#demonitization #india,"796045469461848064",https://twitter.com/bahudari/status/796045469461848064
bahudari,2016-11-08 23:12,0,0,"I fear for the uninformed who can be cheated. #demonitization #india",,,#demonitization #india,"796045251588698112",https://twitter.com/bahudari/status/796045251588698112
subinrajck,2016-11-08 23:01,0,1,"#demonitization ... a bold surprise! .. pic.twitter.com/xMzZXQ5soE",,,#demonitization,"796042353735847937",https://twitter.com/subinrajck/status/796042353735847937
smaiitm,2016-11-08 22:12,0,1,"Yes, all have accounts because of JDY. Easy for me. Use auto everyday for work, transfer end of week. #demonitization #makelifeeasy https:// twitter.com/nasac/status/7 96029650577358852 …",,,#demonitization #makelifeeasy,"796030206888685568",https://twitter.com/smaiitm/status/796030206888685568
shaels,2016-11-08 21:57,1,0,"Anarchy at Gas Stations. #Mumbai #BlackMoney #Currency #Demonitization #Chaos @PMOIndia @HMOIndia @RBI pic.twitter.com/bUU2i2uJg7",,@PMOIndia @HMOIndia @RBI,#Mumbai #BlackMoney #Currency #Demonitization #Chaos,"796026352281513984",https://twitter.com/shaels/status/796026352281513984
UtkarshKrishan,2016-11-08 21:25,0,3,"If Pablo Escobar were alive and Indian, he'd be raging so hard right now. #Modi #BlackMoney #Demonitization pic.twitter.com/31FC8gV4Kw",,,#Modi #BlackMoney #Demonitization,"796018378003517440",https://twitter.com/UtkarshKrishan/status/796018378003517440
AaaarWin,2016-11-08 20:28,0,0,"Looks like @vijayantony 's pichaikaran movie reaches modi.. #Demonitization",,@vijayantony,#Demonitization,"796004040857436160",https://twitter.com/AaaarWin/status/796004040857436160
dipeshregmi3,2016-11-08 20:25,0,1,"@narendramodi changing the economic structure of india with one move. #demonitization of 500 and 1000 INR",,@narendramodi,#demonitization,"796003237593640962",https://twitter.com/dipeshregmi3/status/796003237593640962